method,step,cumulative_budget_units,gauge_before,best_bitstring_current_frame,best_bitstring_original,attractor_bitstring_original,min_energy_current_frame,expected_energy_current_frame,best_ratio_current_frame,expected_ratio_current_frame,zero_ratio_current_frame,best_energy_original,best_ar_original,best_cut_original,attractor_energy_original,attractor_ar_original,attractor_cut_original,note,cum_best_energy_original,cum_best_ar_original
ndar_no_opt,0,10,0000000000,1011010001,1011010001,0000000000,-5.0,3.28515625,0.8333333333333334,-0.5475260416666666,-0.0,-5.0,0.8333333333333334,5.0,0.0,-0.0,0.0,NDAR-style remap loop with fixed circuit parameters and no optimization.,-5.0,0.8333333333333334
ndar_no_opt,1,20,1011010001,1011010110,0000000111,1011010001,-5.0,2.7578125,0.8333333333333334,-0.4596354166666667,0.8333333333333334,-5.0,0.8333333333333334,5.0,-5.0,0.8333333333333334,5.0,NDAR-style remap loop with fixed circuit parameters and no optimization.,-5.0,0.8333333333333334
ndar_no_opt,2,30,0000000111,1011010110,1011010001,0000000111,-5.0,3.4375,0.8333333333333334,-0.5729166666666666,0.8333333333333334,-5.0,0.8333333333333334,5.0,-5.0,0.8333333333333334,5.0,NDAR-style remap loop with fixed circuit parameters and no optimization.,-5.0,0.8333333333333334
ndar_no_opt,3,40,1011010001,1011011110,0000001111,1011010001,-4.0,3.36328125,0.6666666666666666,-0.560546875,0.8333333333333334,-4.0,0.6666666666666666,4.0,-5.0,0.8333333333333334,5.0,NDAR-style remap loop with fixed circuit parameters and no optimization.,-5.0,0.8333333333333334
ndar_no_opt,4,50,0000001111,1011011110,1011010001,0000001111,-5.0,3.5546875,0.8333333333333334,-0.5924479166666666,0.6666666666666666,-5.0,0.8333333333333334,5.0,-4.0,0.6666666666666666,4.0,NDAR-style remap loop with fixed circuit parameters and no optimization.,-5.0,0.8333333333333334
ndar_no_opt,5,60,1011010001,1011010110,0000000111,1011010001,-5.0,2.93359375,0.8333333333333334,-0.4889322916666667,0.8333333333333334,-5.0,0.8333333333333334,5.0,-5.0,0.8333333333333334,5.0,NDAR-style remap loop with fixed circuit parameters and no optimization.,-5.0,0.8333333333333334
