method,step,cumulative_budget_units,gauge_before,best_bitstring_current_frame,best_bitstring_original,attractor_bitstring_original,min_energy_current_frame,expected_energy_current_frame,best_ratio_current_frame,expected_ratio_current_frame,zero_ratio_current_frame,best_energy_original,best_ar_original,best_cut_original,attractor_energy_original,attractor_ar_original,attractor_cut_original,note,cum_best_energy_original,cum_best_ar_original,instance_idx,noise
plain_vqa,0,10,00000000000000000000,10100001011101110111,10100001011101110111,00000000000000000000,-12.0,5.88,0.6,-0.294,-0.0,-12.0,0.6,12.0,0.0,-0.0,0.0,Budget-matched cumulative optimization on original Hamiltonian.,-12.0,0.6,0,strong_damping
plain_vqa,1,20,00000000000000000000,10110111010000010111,10110111010000010111,00000000000000000000,-13.0,5.98,0.65,-0.29900000000000004,-0.0,-13.0,0.65,13.0,0.0,-0.0,0.0,Budget-matched cumulative optimization on original Hamiltonian.,-13.0,0.65,0,strong_damping
plain_vqa,2,30,00000000000000000000,00110111011101000111,00110111011101000111,00000000000000000000,-10.0,5.12,0.5,-0.256,-0.0,-10.0,0.5,10.0,0.0,-0.0,0.0,Budget-matched cumulative optimization on original Hamiltonian.,-13.0,0.65,0,strong_damping
plain_vqa,3,40,00000000000000000000,00110101011101000111,00110101011101000111,00000000000000000000,-11.0,5.52,0.55,-0.27599999999999997,-0.0,-11.0,0.55,11.0,0.0,-0.0,0.0,Budget-matched cumulative optimization on original Hamiltonian.,-13.0,0.65,0,strong_damping
plain_vqa,4,50,00000000000000000000,10100101011101110111,10100101011101110111,00000000000000000000,-13.0,5.32,0.65,-0.266,-0.0,-13.0,0.65,13.0,0.0,-0.0,0.0,Budget-matched cumulative optimization on original Hamiltonian.,-13.0,0.65,0,strong_damping
plain_vqa,5,60,00000000000000000000,10100101011101110111,10100101011101110111,00000000000000000000,-13.0,5.37,0.65,-0.2685,-0.0,-13.0,0.65,13.0,0.0,-0.0,0.0,Budget-matched cumulative optimization on original Hamiltonian.,-13.0,0.65,0,strong_damping
ndar_vqa,0,10,00000000000000000000,11100101111001000111,11100101111001000111,00000000000000000000,-10.0,6.89,0.5,-0.3445,-0.0,-10.0,0.5,10.0,0.0,-0.0,0.0,"NDAR outer step: optimize current transformed Hamiltonian, then remap using best sampled bitstring.",-10.0,0.5,0,strong_damping
ndar_vqa,1,20,11100101111001000111,00100100001111010111,11000001110110010000,11100101111001000111,-12.0,6.43,0.6,-0.3215,0.5,-12.0,0.6,12.0,-10.0,0.5,10.0,"NDAR outer step: optimize current transformed Hamiltonian, then remap using best sampled bitstring.",-12.0,0.6,0,strong_damping
ndar_vqa,2,30,11000001110110010000,01101111001110001111,10101110111000011111,11000001110110010000,-5.0,7.14,0.25,-0.357,0.6,-5.0,0.25,5.0,-12.0,0.6,12.0,"NDAR outer step: optimize current transformed Hamiltonian, then remap using best sampled bitstring.",-12.0,0.6,0,strong_damping
ndar_vqa,3,40,10101110111000011111,00000000001010100101,10101110110010111010,10101110111000011111,-12.0,6.89,0.6,-0.3445,0.25,-12.0,0.6,12.0,-5.0,0.25,5.0,"NDAR outer step: optimize current transformed Hamiltonian, then remap using best sampled bitstring.",-12.0,0.6,0,strong_damping
ndar_vqa,4,50,10101110110010111010,00000000001010000001,10101110111000111011,10101110110010111010,-9.0,6.87,0.45,-0.3435,0.6,-9.0,0.45,9.0,-12.0,0.6,12.0,"NDAR outer step: optimize current transformed Hamiltonian, then remap using best sampled bitstring.",-12.0,0.6,0,strong_damping
ndar_vqa,5,60,10101110111000111011,00111000111010000101,10010110000010111110,10101110111000111011,-8.0,6.52,0.4,-0.32599999999999996,0.45,-8.0,0.4,8.0,-9.0,0.45,9.0,"NDAR outer step: optimize current transformed Hamiltonian, then remap using best sampled bitstring.",-12.0,0.6,0,strong_damping
random_search,0,10,00000000000000000000,10110111101001111111,10110111101001111111,00000000000000000000,-9.0,6.81,0.45,-0.34049999999999997,-0.0,-9.0,0.45,9.0,0.0,-0.0,0.0,Random-parameter search on original Hamiltonian; keep the best parameter vector found so far.,-9.0,0.45,0,strong_damping
random_search,1,20,00000000000000000000,10110111101001111111,10110111101001111111,00000000000000000000,-9.0,6.69,0.45,-0.3345,-0.0,-9.0,0.45,9.0,0.0,-0.0,0.0,Random-parameter search on original Hamiltonian; keep the best parameter vector found so far.,-9.0,0.45,0,strong_damping
random_search,2,30,00000000000000000000,10110111101001111111,10110111101001111111,00000000000000000000,-9.0,6.71,0.45,-0.3355,-0.0,-9.0,0.45,9.0,0.0,-0.0,0.0,Random-parameter search on original Hamiltonian; keep the best parameter vector found so far.,-9.0,0.45,0,strong_damping
random_search,3,40,00000000000000000000,10110111101001111111,10110111101001111111,00000000000000000000,-9.0,6.65,0.45,-0.3325,-0.0,-9.0,0.45,9.0,0.0,-0.0,0.0,Random-parameter search on original Hamiltonian; keep the best parameter vector found so far.,-9.0,0.45,0,strong_damping
random_search,4,50,00000000000000000000,10110111101001111111,10110111101001111111,00000000000000000000,-9.0,6.6,0.45,-0.32999999999999996,-0.0,-9.0,0.45,9.0,0.0,-0.0,0.0,Random-parameter search on original Hamiltonian; keep the best parameter vector found so far.,-9.0,0.45,0,strong_damping
random_search,5,60,00000000000000000000,10110111101001111111,10110111101001111111,00000000000000000000,-9.0,6.69,0.45,-0.3345,-0.0,-9.0,0.45,9.0,0.0,-0.0,0.0,Random-parameter search on original Hamiltonian; keep the best parameter vector found so far.,-9.0,0.45,0,strong_damping
ndar_no_opt,0,10,00000000000000000000,00101110010101111011,00101110010101111011,00000000000000000000,-10.0,6.8,0.5,-0.33999999999999997,-0.0,-10.0,0.5,10.0,0.0,-0.0,0.0,NDAR-style remap loop with fixed circuit parameters and no optimization.,-10.0,0.5,0,strong_damping
ndar_no_opt,1,20,00101110010101111011,00010100011000010010,00111010001101101001,00101110010101111011,-8.0,7.03,0.4,-0.35150000000000003,0.5,-8.0,0.4,8.0,-10.0,0.5,10.0,NDAR-style remap loop with fixed circuit parameters and no optimization.,-10.0,0.5,0,strong_damping
ndar_no_opt,2,30,00111010001101101001,01101001111000101000,01010011110101000001,00111010001101101001,-13.0,4.91,0.65,-0.2455,0.4,-13.0,0.65,13.0,-8.0,0.4,8.0,NDAR-style remap loop with fixed circuit parameters and no optimization.,-13.0,0.65,0,strong_damping
ndar_no_opt,3,40,01010011110101000001,01101001111000101000,00111010001101101001,01010011110101000001,-8.0,7.04,0.4,-0.352,0.65,-8.0,0.4,8.0,-13.0,0.65,13.0,NDAR-style remap loop with fixed circuit parameters and no optimization.,-13.0,0.65,0,strong_damping
ndar_no_opt,4,50,00111010001101101001,01101001111000101000,01010011110101000001,00111010001101101001,-13.0,5.01,0.65,-0.2505,0.4,-13.0,0.65,13.0,-8.0,0.4,8.0,NDAR-style remap loop with fixed circuit parameters and no optimization.,-13.0,0.65,0,strong_damping
ndar_no_opt,5,60,01010011110101000001,01101001111000101000,00111010001101101001,01010011110101000001,-8.0,7.1,0.4,-0.355,0.65,-8.0,0.4,8.0,-13.0,0.65,13.0,NDAR-style remap loop with fixed circuit parameters and no optimization.,-13.0,0.65,0,strong_damping
plain_vqa,0,10,00000000000000000000,00110110000101010110,00110110000101010110,00000000000000000000,-3.0,16.72,0.25,-1.3933333333333333,-0.0,-3.0,0.25,3.0,0.0,-0.0,0.0,Budget-matched cumulative optimization on original Hamiltonian.,-3.0,0.25,1,strong_damping
plain_vqa,1,20,00000000000000000000,00110110000101010110,00110110000101010110,00000000000000000000,-3.0,16.7,0.25,-1.3916666666666666,-0.0,-3.0,0.25,3.0,0.0,-0.0,0.0,Budget-matched cumulative optimization on original Hamiltonian.,-3.0,0.25,1,strong_damping
plain_vqa,2,30,00000000000000000000,00110110000101010110,00110110000101010110,00000000000000000000,-3.0,16.75,0.25,-1.3958333333333333,-0.0,-3.0,0.25,3.0,0.0,-0.0,0.0,Budget-matched cumulative optimization on original Hamiltonian.,-3.0,0.25,1,strong_damping
plain_vqa,3,40,00000000000000000000,00110110000101010110,00110110000101010110,00000000000000000000,-3.0,16.69,0.25,-1.3908333333333334,-0.0,-3.0,0.25,3.0,0.0,-0.0,0.0,Budget-matched cumulative optimization on original Hamiltonian.,-3.0,0.25,1,strong_damping
plain_vqa,4,50,00000000000000000000,00110110000101010110,00110110000101010110,00000000000000000000,-3.0,16.75,0.25,-1.3958333333333333,-0.0,-3.0,0.25,3.0,0.0,-0.0,0.0,Budget-matched cumulative optimization on original Hamiltonian.,-3.0,0.25,1,strong_damping
plain_vqa,5,60,00000000000000000000,00110110000101010110,00110110000101010110,00000000000000000000,-3.0,16.8,0.25,-1.4000000000000001,-0.0,-3.0,0.25,3.0,0.0,-0.0,0.0,Budget-matched cumulative optimization on original Hamiltonian.,-3.0,0.25,1,strong_damping
ndar_vqa,0,10,00000000000000000000,11111111101101011000,11111111101101011000,00000000000000000000,4.0,16.74,-0.3333333333333333,-1.3949999999999998,-0.0,4.0,-0.3333333333333333,-4.0,0.0,-0.0,0.0,"NDAR outer step: optimize current transformed Hamiltonian, then remap using best sampled bitstring.",4.0,-0.3333333333333333,1,strong_damping
ndar_vqa,1,20,11111111101101011000,11100100100000111110,00011011001101100110,11111111101101011000,0.0,15.82,-0.0,-1.3183333333333334,-0.3333333333333333,0.0,-0.0,0.0,4.0,-0.3333333333333333,-4.0,"NDAR outer step: optimize current transformed Hamiltonian, then remap using best sampled bitstring.",0.0,-0.0,1,strong_damping
ndar_vqa,2,30,00011011001101100110,11001111001101000000,11010100000000100110,00011011001101100110,1.0,17.47,-0.08333333333333333,-1.4558333333333333,-0.0,1.0,-0.08333333333333333,-1.0,0.0,-0.0,0.0,"NDAR outer step: optimize current transformed Hamiltonian, then remap using best sampled bitstring.",0.0,-0.0,1,strong_damping
ndar_vqa,3,40,11010100000000100110,10000001001001000000,01010101001001100110,11010100000000100110,1.0,14.63,-0.08333333333333333,-1.2191666666666667,-0.08333333333333333,1.0,-0.08333333333333333,-1.0,1.0,-0.08333333333333333,-1.0,"NDAR outer step: optimize current transformed Hamiltonian, then remap using best sampled bitstring.",0.0,-0.0,1,strong_damping
ndar_vqa,4,50,01010101001001100110,11001000111000001101,10011101110001101011,01010101001001100110,2.0,15.78,-0.16666666666666666,-1.315,-0.08333333333333333,2.0,-0.16666666666666666,-2.0,1.0,-0.08333333333333333,-1.0,"NDAR outer step: optimize current transformed Hamiltonian, then remap using best sampled bitstring.",0.0,-0.0,1,strong_damping
ndar_vqa,5,60,10011101110001101011,01010101001010000000,11001000111011101011,10011101110001101011,0.0,16.77,-0.0,-1.3975,-0.16666666666666666,0.0,-0.0,0.0,2.0,-0.16666666666666666,-2.0,"NDAR outer step: optimize current transformed Hamiltonian, then remap using best sampled bitstring.",0.0,-0.0,1,strong_damping
random_search,0,10,00000000000000000000,00000110001001010110,00000110001001010110,00000000000000000000,-1.0,16.77,0.08333333333333333,-1.3975,-0.0,-1.0,0.08333333333333333,1.0,0.0,-0.0,0.0,Random-parameter search on original Hamiltonian; keep the best parameter vector found so far.,-1.0,0.08333333333333333,1,strong_damping
random_search,1,20,00000000000000000000,00000110001001010110,00000110001001010110,00000000000000000000,-1.0,16.85,0.08333333333333333,-1.4041666666666668,-0.0,-1.0,0.08333333333333333,1.0,0.0,-0.0,0.0,Random-parameter search on original Hamiltonian; keep the best parameter vector found so far.,-1.0,0.08333333333333333,1,strong_damping
random_search,2,30,00000000000000000000,00010011101100000100,00010011101100000100,00000000000000000000,-3.0,16.81,0.25,-1.4008333333333332,-0.0,-3.0,0.25,3.0,0.0,-0.0,0.0,Random-parameter search on original Hamiltonian; keep the best parameter vector found so far.,-3.0,0.25,1,strong_damping
random_search,3,40,00000000000000000000,11000000100010010010,11000000100010010010,00000000000000000000,0.0,16.12,-0.0,-1.3433333333333335,-0.0,0.0,-0.0,0.0,0.0,-0.0,0.0,Random-parameter search on original Hamiltonian; keep the best parameter vector found so far.,-3.0,0.25,1,strong_damping
random_search,4,50,00000000000000000000,11000000100010010010,11000000100010010010,00000000000000000000,0.0,16.03,-0.0,-1.3358333333333334,-0.0,0.0,-0.0,0.0,0.0,-0.0,0.0,Random-parameter search on original Hamiltonian; keep the best parameter vector found so far.,-3.0,0.25,1,strong_damping
random_search,5,60,00000000000000000000,11000000100010010010,11000000100010010010,00000000000000000000,0.0,16.11,-0.0,-1.3425,-0.0,0.0,-0.0,0.0,0.0,-0.0,0.0,Random-parameter search on original Hamiltonian; keep the best parameter vector found so far.,-3.0,0.25,1,strong_damping
ndar_no_opt,0,10,00000000000000000000,01010000101010100110,01010000101010100110,00000000000000000000,0.0,17.84,-0.0,-1.4866666666666666,-0.0,0.0,-0.0,0.0,0.0,-0.0,0.0,NDAR-style remap loop with fixed circuit parameters and no optimization.,0.0,-0.0,1,strong_damping
ndar_no_opt,1,20,01010000101010100110,01010000101010100110,00000000000000000000,01010000101010100110,0.0,17.09,-0.0,-1.4241666666666666,-0.0,0.0,-0.0,0.0,0.0,-0.0,0.0,NDAR-style remap loop with fixed circuit parameters and no optimization.,0.0,-0.0,1,strong_damping
ndar_no_opt,2,30,00000000000000000000,01010000101010100110,01010000101010100110,00000000000000000000,0.0,17.91,-0.0,-1.4925,-0.0,0.0,-0.0,0.0,0.0,-0.0,0.0,NDAR-style remap loop with fixed circuit parameters and no optimization.,0.0,-0.0,1,strong_damping
ndar_no_opt,3,40,01010000101010100110,01010000101010100110,00000000000000000000,01010000101010100110,0.0,16.91,-0.0,-1.4091666666666667,-0.0,0.0,-0.0,0.0,0.0,-0.0,0.0,NDAR-style remap loop with fixed circuit parameters and no optimization.,0.0,-0.0,1,strong_damping
ndar_no_opt,4,50,00000000000000000000,01010000101010100110,01010000101010100110,00000000000000000000,0.0,17.77,-0.0,-1.4808333333333332,-0.0,0.0,-0.0,0.0,0.0,-0.0,0.0,NDAR-style remap loop with fixed circuit parameters and no optimization.,0.0,-0.0,1,strong_damping
ndar_no_opt,5,60,01010000101010100110,01010000101010100110,00000000000000000000,01010000101010100110,0.0,16.97,-0.0,-1.4141666666666666,-0.0,0.0,-0.0,0.0,0.0,-0.0,0.0,NDAR-style remap loop with fixed circuit parameters and no optimization.,0.0,-0.0,1,strong_damping
plain_vqa,0,10,00000000000000000000,10110110000000011100,10110110000000011100,00000000000000000000,-26.0,-6.32,0.6666666666666666,0.16205128205128205,-0.0,-26.0,0.6666666666666666,26.0,0.0,-0.0,0.0,Budget-matched cumulative optimization on original Hamiltonian.,-26.0,0.6666666666666666,2,strong_damping
plain_vqa,1,20,00000000000000000000,11100101110000111010,11100101110000111010,00000000000000000000,-23.0,-6.55,0.5897435897435898,0.16794871794871793,-0.0,-23.0,0.5897435897435898,23.0,0.0,-0.0,0.0,Budget-matched cumulative optimization on original Hamiltonian.,-26.0,0.6666666666666666,2,strong_damping
plain_vqa,2,30,00000000000000000000,11110101010010011100,11110101010010011100,00000000000000000000,-25.0,-6.84,0.6410256410256411,0.1753846153846154,-0.0,-25.0,0.6410256410256411,25.0,0.0,-0.0,0.0,Budget-matched cumulative optimization on original Hamiltonian.,-26.0,0.6666666666666666,2,strong_damping
plain_vqa,3,40,00000000000000000000,10110000010010011100,10110000010010011100,00000000000000000000,-30.0,-7.6,0.7692307692307693,0.19487179487179487,-0.0,-30.0,0.7692307692307693,30.0,0.0,-0.0,0.0,Budget-matched cumulative optimization on original Hamiltonian.,-30.0,0.7692307692307693,2,strong_damping
plain_vqa,4,50,00000000000000000000,10110000010010011100,10110000010010011100,00000000000000000000,-30.0,-7.68,0.7692307692307693,0.19692307692307692,-0.0,-30.0,0.7692307692307693,30.0,0.0,-0.0,0.0,Budget-matched cumulative optimization on original Hamiltonian.,-30.0,0.7692307692307693,2,strong_damping
plain_vqa,5,60,00000000000000000000,10110000010010011100,10110000010010011100,00000000000000000000,-30.0,-7.71,0.7692307692307693,0.1976923076923077,-0.0,-30.0,0.7692307692307693,30.0,0.0,-0.0,0.0,Budget-matched cumulative optimization on original Hamiltonian.,-30.0,0.7692307692307693,2,strong_damping
ndar_vqa,0,10,00000000000000000000,10100000010100111010,10100000010100111010,00000000000000000000,-20.0,-6.37,0.5128205128205128,0.16333333333333333,-0.0,-20.0,0.5128205128205128,20.0,0.0,-0.0,0.0,"NDAR outer step: optimize current transformed Hamiltonian, then remap using best sampled bitstring.",-20.0,0.5128205128205128,2,strong_damping
ndar_vqa,1,20,10100000010100111010,00101001100011101001,10001001110111010011,10100000010100111010,-23.0,-7.14,0.5897435897435898,0.18307692307692308,0.5128205128205128,-23.0,0.5897435897435898,23.0,-20.0,0.5128205128205128,20.0,"NDAR outer step: optimize current transformed Hamiltonian, then remap using best sampled bitstring.",-23.0,0.5897435897435898,2,strong_damping
ndar_vqa,2,30,10001001110111010011,01111101000110111001,11110100110001101010,10001001110111010011,-21.0,-4.94,0.5384615384615384,0.12666666666666668,0.5897435897435898,-21.0,0.5384615384615384,21.0,-23.0,0.5897435897435898,23.0,"NDAR outer step: optimize current transformed Hamiltonian, then remap using best sampled bitstring.",-23.0,0.5897435897435898,2,strong_damping
ndar_vqa,3,40,11110100110001101010,00101100100110101001,11011000010111000011,11110100110001101010,-22.0,-7.73,0.5641025641025641,0.19820512820512823,0.5384615384615384,-22.0,0.5641025641025641,22.0,-21.0,0.5384615384615384,21.0,"NDAR outer step: optimize current transformed Hamiltonian, then remap using best sampled bitstring.",-23.0,0.5897435897435898,2,strong_damping
ndar_vqa,4,50,11011000010111000011,00101000001111001011,11110000011000001000,11011000010111000011,-23.0,-5.79,0.5897435897435898,0.14846153846153845,0.5641025641025641,-23.0,0.5897435897435898,23.0,-22.0,0.5641025641025641,22.0,"NDAR outer step: optimize current transformed Hamiltonian, then remap using best sampled bitstring.",-23.0,0.5897435897435898,2,strong_damping
ndar_vqa,5,60,11110000011000001000,00011000010001101010,11101000001001100010,11110000011000001000,-26.0,-8.09,0.6666666666666666,0.20743589743589744,0.5897435897435898,-26.0,0.6666666666666666,26.0,-23.0,0.5897435897435898,23.0,"NDAR outer step: optimize current transformed Hamiltonian, then remap using best sampled bitstring.",-26.0,0.6666666666666666,2,strong_damping
random_search,0,10,00000000000000000000,10001101100111100000,10001101100111100000,00000000000000000000,-19.0,-6.35,0.48717948717948717,0.16282051282051282,-0.0,-19.0,0.48717948717948717,19.0,0.0,-0.0,0.0,Random-parameter search on original Hamiltonian; keep the best parameter vector found so far.,-19.0,0.48717948717948717,2,strong_damping
random_search,1,20,00000000000000000000,10001101100111100000,10001101100111100000,00000000000000000000,-19.0,-6.36,0.48717948717948717,0.1630769230769231,-0.0,-19.0,0.48717948717948717,19.0,0.0,-0.0,0.0,Random-parameter search on original Hamiltonian; keep the best parameter vector found so far.,-19.0,0.48717948717948717,2,strong_damping
random_search,2,30,00000000000000000000,10001101100111100000,10001101100111100000,00000000000000000000,-19.0,-6.48,0.48717948717948717,0.16615384615384615,-0.0,-19.0,0.48717948717948717,19.0,0.0,-0.0,0.0,Random-parameter search on original Hamiltonian; keep the best parameter vector found so far.,-19.0,0.48717948717948717,2,strong_damping
random_search,3,40,00000000000000000000,00110100001010011111,00110100001010011111,00000000000000000000,-26.0,-7.25,0.6666666666666666,0.1858974358974359,-0.0,-26.0,0.6666666666666666,26.0,0.0,-0.0,0.0,Random-parameter search on original Hamiltonian; keep the best parameter vector found so far.,-26.0,0.6666666666666666,2,strong_damping
random_search,4,50,00000000000000000000,10001101110110010111,10001101110110010111,00000000000000000000,-20.0,-4.89,0.5128205128205128,0.12538461538461537,-0.0,-20.0,0.5128205128205128,20.0,0.0,-0.0,0.0,Random-parameter search on original Hamiltonian; keep the best parameter vector found so far.,-26.0,0.6666666666666666,2,strong_damping
random_search,5,60,00000000000000000000,10001101110110010111,10001101110110010111,00000000000000000000,-20.0,-4.91,0.5128205128205128,0.1258974358974359,-0.0,-20.0,0.5128205128205128,20.0,0.0,-0.0,0.0,Random-parameter search on original Hamiltonian; keep the best parameter vector found so far.,-26.0,0.6666666666666666,2,strong_damping
ndar_no_opt,0,10,00000000000000000000,11001000101100100011,11001000101100100011,00000000000000000000,-21.0,-4.81,0.5384615384615384,0.12333333333333332,-0.0,-21.0,0.5384615384615384,21.0,0.0,-0.0,0.0,NDAR-style remap loop with fixed circuit parameters and no optimization.,-21.0,0.5384615384615384,2,strong_damping
ndar_no_opt,1,20,11001000101100100011,00110100110101111101,11111100011001011110,11001000101100100011,-27.0,-5.67,0.6923076923076923,0.1453846153846154,0.5384615384615384,-27.0,0.6923076923076923,27.0,-21.0,0.5384615384615384,21.0,NDAR-style remap loop with fixed circuit parameters and no optimization.,-27.0,0.6923076923076923,2,strong_damping
ndar_no_opt,2,30,11111100011001011110,00000000001100111110,11111100010101100000,11111100011001011110,-22.0,-6.92,0.5641025641025641,0.17743589743589744,0.6923076923076923,-22.0,0.5641025641025641,22.0,-27.0,0.6923076923076923,27.0,NDAR-style remap loop with fixed circuit parameters and no optimization.,-27.0,0.6923076923076923,2,strong_damping
ndar_no_opt,3,40,11111100010101100000,00000000001100111110,11111100011001011110,11111100010101100000,-27.0,-6.3,0.6923076923076923,0.16153846153846155,0.5641025641025641,-27.0,0.6923076923076923,27.0,-22.0,0.5641025641025641,22.0,NDAR-style remap loop with fixed circuit parameters and no optimization.,-27.0,0.6923076923076923,2,strong_damping
ndar_no_opt,4,50,11111100011001011110,00000000001100111110,11111100010101100000,11111100011001011110,-22.0,-6.88,0.5641025641025641,0.1764102564102564,0.6923076923076923,-22.0,0.5641025641025641,22.0,-27.0,0.6923076923076923,27.0,NDAR-style remap loop with fixed circuit parameters and no optimization.,-27.0,0.6923076923076923,2,strong_damping
ndar_no_opt,5,60,11111100010101100000,00000000001100111110,11111100011001011110,11111100010101100000,-27.0,-6.4,0.6923076923076923,0.1641025641025641,0.5641025641025641,-27.0,0.6923076923076923,27.0,-22.0,0.5641025641025641,22.0,NDAR-style remap loop with fixed circuit parameters and no optimization.,-27.0,0.6923076923076923,2,strong_damping
plain_vqa,0,10,00000000000000000000,11110101001010101100,11110101001010101100,00000000000000000000,-23.0,-6.78,0.5476190476190477,0.16142857142857142,-0.0,-23.0,0.5476190476190477,23.0,0.0,-0.0,0.0,Budget-matched cumulative optimization on original Hamiltonian.,-23.0,0.5476190476190477,3,strong_damping
plain_vqa,1,20,00000000000000000000,10110101101010001010,10110101101010001010,00000000000000000000,-24.0,-7.59,0.5714285714285714,0.18071428571428572,-0.0,-24.0,0.5714285714285714,24.0,0.0,-0.0,0.0,Budget-matched cumulative optimization on original Hamiltonian.,-24.0,0.5714285714285714,3,strong_damping
plain_vqa,2,30,00000000000000000000,10110101101010001010,10110101101010001010,00000000000000000000,-24.0,-7.72,0.5714285714285714,0.1838095238095238,-0.0,-24.0,0.5714285714285714,24.0,0.0,-0.0,0.0,Budget-matched cumulative optimization on original Hamiltonian.,-24.0,0.5714285714285714,3,strong_damping
plain_vqa,3,40,00000000000000000000,00111110100011111010,00111110100011111010,00000000000000000000,-24.0,-8.71,0.5714285714285714,0.2073809523809524,-0.0,-24.0,0.5714285714285714,24.0,0.0,-0.0,0.0,Budget-matched cumulative optimization on original Hamiltonian.,-24.0,0.5714285714285714,3,strong_damping
plain_vqa,4,50,00000000000000000000,00111110100011111010,00111110100011111010,00000000000000000000,-24.0,-8.6,0.5714285714285714,0.20476190476190476,-0.0,-24.0,0.5714285714285714,24.0,0.0,-0.0,0.0,Budget-matched cumulative optimization on original Hamiltonian.,-24.0,0.5714285714285714,3,strong_damping
plain_vqa,5,60,00000000000000000000,00010101010110110111,00010101010110110111,00000000000000000000,-29.0,-8.67,0.6904761904761905,0.20642857142857143,-0.0,-29.0,0.6904761904761905,29.0,0.0,-0.0,0.0,Budget-matched cumulative optimization on original Hamiltonian.,-29.0,0.6904761904761905,3,strong_damping
ndar_vqa,0,10,00000000000000000000,11110001010110110101,11110001010110110101,00000000000000000000,-34.0,-8.88,0.8095238095238095,0.21142857142857144,-0.0,-34.0,0.8095238095238095,34.0,0.0,-0.0,0.0,"NDAR outer step: optimize current transformed Hamiltonian, then remap using best sampled bitstring.",-34.0,0.8095238095238095,3,strong_damping
ndar_vqa,1,20,11110001010110110101,11011010000110000000,00101011010000110101,11110001010110110101,-27.0,-7.39,0.6428571428571429,0.17595238095238094,0.8095238095238095,-27.0,0.6428571428571429,27.0,-34.0,0.8095238095238095,34.0,"NDAR outer step: optimize current transformed Hamiltonian, then remap using best sampled bitstring.",-34.0,0.8095238095238095,3,strong_damping
ndar_vqa,2,30,00101011010000110101,11011010000110000001,11110001010110110100,00101011010000110101,-27.0,-9.55,0.6428571428571429,0.2273809523809524,0.6428571428571429,-27.0,0.6428571428571429,27.0,-27.0,0.6428571428571429,27.0,"NDAR outer step: optimize current transformed Hamiltonian, then remap using best sampled bitstring.",-34.0,0.8095238095238095,3,strong_damping
ndar_vqa,3,40,11110001010110110100,11011010000010000001,00101011010100110101,11110001010110110100,-34.0,-8.62,0.8095238095238095,0.20523809523809522,0.6428571428571429,-34.0,0.8095238095238095,34.0,-27.0,0.6428571428571429,27.0,"NDAR outer step: optimize current transformed Hamiltonian, then remap using best sampled bitstring.",-34.0,0.8095238095238095,3,strong_damping
ndar_vqa,4,50,00101011010100110101,10101001000010000011,10000010010110110110,00101011010100110101,-31.0,-9.8,0.7380952380952381,0.23333333333333334,0.8095238095238095,-31.0,0.7380952380952381,31.0,-34.0,0.8095238095238095,34.0,"NDAR outer step: optimize current transformed Hamiltonian, then remap using best sampled bitstring.",-34.0,0.8095238095238095,3,strong_damping
ndar_vqa,5,60,10000010010110110110,00000001100011000001,10000011110101110111,10000010010110110110,-26.0,-8.98,0.6190476190476191,0.2138095238095238,0.7380952380952381,-26.0,0.6190476190476191,26.0,-31.0,0.7380952380952381,31.0,"NDAR outer step: optimize current transformed Hamiltonian, then remap using best sampled bitstring.",-34.0,0.8095238095238095,3,strong_damping
random_search,0,10,00000000000000000000,11010110101100001001,11010110101100001001,00000000000000000000,-28.0,-8.59,0.6666666666666666,0.20452380952380952,-0.0,-28.0,0.6666666666666666,28.0,0.0,-0.0,0.0,Random-parameter search on original Hamiltonian; keep the best parameter vector found so far.,-28.0,0.6666666666666666,3,strong_damping
random_search,1,20,00000000000000000000,11010110101100001001,11010110101100001001,00000000000000000000,-28.0,-8.6,0.6666666666666666,0.20476190476190476,-0.0,-28.0,0.6666666666666666,28.0,0.0,-0.0,0.0,Random-parameter search on original Hamiltonian; keep the best parameter vector found so far.,-28.0,0.6666666666666666,3,strong_damping
random_search,2,30,00000000000000000000,11010110101100001001,11010110101100001001,00000000000000000000,-28.0,-8.62,0.6666666666666666,0.20523809523809522,-0.0,-28.0,0.6666666666666666,28.0,0.0,-0.0,0.0,Random-parameter search on original Hamiltonian; keep the best parameter vector found so far.,-28.0,0.6666666666666666,3,strong_damping
random_search,3,40,00000000000000000000,10000010011100110111,10000010011100110111,00000000000000000000,-30.0,-7.74,0.7142857142857143,0.1842857142857143,-0.0,-30.0,0.7142857142857143,30.0,0.0,-0.0,0.0,Random-parameter search on original Hamiltonian; keep the best parameter vector found so far.,-30.0,0.7142857142857143,3,strong_damping
random_search,4,50,00000000000000000000,10000010011100110111,10000010011100110111,00000000000000000000,-30.0,-7.77,0.7142857142857143,0.185,-0.0,-30.0,0.7142857142857143,30.0,0.0,-0.0,0.0,Random-parameter search on original Hamiltonian; keep the best parameter vector found so far.,-30.0,0.7142857142857143,3,strong_damping
random_search,5,60,00000000000000000000,10000010011100110111,10000010011100110111,00000000000000000000,-30.0,-7.8,0.7142857142857143,0.18571428571428572,-0.0,-30.0,0.7142857142857143,30.0,0.0,-0.0,0.0,Random-parameter search on original Hamiltonian; keep the best parameter vector found so far.,-30.0,0.7142857142857143,3,strong_damping
ndar_no_opt,0,10,00000000000000000000,01101010100001001000,01101010100001001000,00000000000000000000,-25.0,-7.66,0.5952380952380952,0.1823809523809524,-0.0,-25.0,0.5952380952380952,25.0,0.0,-0.0,0.0,NDAR-style remap loop with fixed circuit parameters and no optimization.,-25.0,0.5952380952380952,3,strong_damping
ndar_no_opt,1,20,01101010100001001000,00010110001010101100,01111100101011100100,01101010100001001000,-27.0,-8.12,0.6428571428571429,0.1933333333333333,0.5952380952380952,-27.0,0.6428571428571429,27.0,-25.0,0.5952380952380952,25.0,NDAR-style remap loop with fixed circuit parameters and no optimization.,-27.0,0.6428571428571429,3,strong_damping
ndar_no_opt,2,30,01111100101011100100,10100000000100110101,11011100101111010001,01111100101011100100,-26.0,-7.99,0.6190476190476191,0.19023809523809523,0.6428571428571429,-26.0,0.6190476190476191,26.0,-27.0,0.6428571428571429,27.0,NDAR-style remap loop with fixed circuit parameters and no optimization.,-27.0,0.6428571428571429,3,strong_damping
ndar_no_opt,3,40,11011100101111010001,10100000000100110101,01111100101011100100,11011100101111010001,-27.0,-7.64,0.6428571428571429,0.1819047619047619,0.6190476190476191,-27.0,0.6428571428571429,27.0,-26.0,0.6190476190476191,26.0,NDAR-style remap loop with fixed circuit parameters and no optimization.,-27.0,0.6428571428571429,3,strong_damping
ndar_no_opt,4,50,01111100101011100100,10100000000100110101,11011100101111010001,01111100101011100100,-26.0,-8.29,0.6190476190476191,0.19738095238095235,0.6428571428571429,-26.0,0.6190476190476191,26.0,-27.0,0.6428571428571429,27.0,NDAR-style remap loop with fixed circuit parameters and no optimization.,-27.0,0.6428571428571429,3,strong_damping
ndar_no_opt,5,60,11011100101111010001,10100000000100110101,01111100101011100100,11011100101111010001,-27.0,-7.54,0.6428571428571429,0.17952380952380953,0.6190476190476191,-27.0,0.6428571428571429,27.0,-26.0,0.6190476190476191,26.0,NDAR-style remap loop with fixed circuit parameters and no optimization.,-27.0,0.6428571428571429,3,strong_damping
plain_vqa,0,10,00000000000000000000,01011000001100101010,01011000001100101010,00000000000000000000,-12.0,-0.07,0.41379310344827586,0.002413793103448276,-0.0,-12.0,0.41379310344827586,12.0,0.0,-0.0,0.0,Budget-matched cumulative optimization on original Hamiltonian.,-12.0,0.41379310344827586,4,strong_damping
plain_vqa,1,20,00000000000000000000,00101100010000001010,00101100010000001010,00000000000000000000,-18.0,-0.41,0.6206896551724138,0.014137931034482758,-0.0,-18.0,0.6206896551724138,18.0,0.0,-0.0,0.0,Budget-matched cumulative optimization on original Hamiltonian.,-18.0,0.6206896551724138,4,strong_damping
plain_vqa,2,30,00000000000000000000,11111000001011110111,11111000001011110111,00000000000000000000,-17.0,0.2,0.5862068965517241,-0.006896551724137932,-0.0,-17.0,0.5862068965517241,17.0,0.0,-0.0,0.0,Budget-matched cumulative optimization on original Hamiltonian.,-18.0,0.6206896551724138,4,strong_damping
plain_vqa,3,40,00000000000000000000,11111000001011110111,11111000001011110111,00000000000000000000,-17.0,0.18,0.5862068965517241,-0.006206896551724138,-0.0,-17.0,0.5862068965517241,17.0,0.0,-0.0,0.0,Budget-matched cumulative optimization on original Hamiltonian.,-18.0,0.6206896551724138,4,strong_damping
plain_vqa,4,50,00000000000000000000,00101111010000001010,00101111010000001010,00000000000000000000,-14.0,0.46,0.4827586206896552,-0.015862068965517243,-0.0,-14.0,0.4827586206896552,14.0,0.0,-0.0,0.0,Budget-matched cumulative optimization on original Hamiltonian.,-18.0,0.6206896551724138,4,strong_damping
plain_vqa,5,60,00000000000000000000,00101111010000001010,00101111010000001010,00000000000000000000,-14.0,0.27,0.4827586206896552,-0.009310344827586208,-0.0,-14.0,0.4827586206896552,14.0,0.0,-0.0,0.0,Budget-matched cumulative optimization on original Hamiltonian.,-18.0,0.6206896551724138,4,strong_damping
ndar_vqa,0,10,00000000000000000000,10111000001010100111,10111000001010100111,00000000000000000000,-14.0,0.09,0.4827586206896552,-0.003103448275862069,-0.0,-14.0,0.4827586206896552,14.0,0.0,-0.0,0.0,"NDAR outer step: optimize current transformed Hamiltonian, then remap using best sampled bitstring.",-14.0,0.4827586206896552,4,strong_damping
ndar_vqa,1,20,10111000001010100111,10001000001000011001,00110000000010111110,10111000001010100111,-16.0,1.81,0.5517241379310345,-0.06241379310344828,0.4827586206896552,-16.0,0.5517241379310345,16.0,-14.0,0.4827586206896552,14.0,"NDAR outer step: optimize current transformed Hamiltonian, then remap using best sampled bitstring.",-16.0,0.5517241379310345,4,strong_damping
ndar_vqa,2,30,00110000000010111110,11101100001001011001,11011100001011100111,00110000000010111110,-18.0,-1.88,0.6206896551724138,0.06482758620689655,0.5517241379310345,-18.0,0.6206896551724138,18.0,-16.0,0.5517241379310345,16.0,"NDAR outer step: optimize current transformed Hamiltonian, then remap using best sampled bitstring.",-18.0,0.6206896551724138,4,strong_damping
ndar_vqa,3,40,11011100001011100111,11101111010011011011,00110011011000111100,11011100001011100111,-16.0,0.26,0.5517241379310345,-0.00896551724137931,0.6206896551724138,-16.0,0.5517241379310345,16.0,-18.0,0.6206896551724138,18.0,"NDAR outer step: optimize current transformed Hamiltonian, then remap using best sampled bitstring.",-18.0,0.6206896551724138,4,strong_damping
ndar_vqa,4,50,00110011011000111100,11101011001101011010,11011000010101100110,00110011011000111100,-18.0,-0.65,0.6206896551724138,0.022413793103448276,0.5517241379310345,-18.0,0.6206896551724138,18.0,-16.0,0.5517241379310345,16.0,"NDAR outer step: optimize current transformed Hamiltonian, then remap using best sampled bitstring.",-18.0,0.6206896551724138,4,strong_damping
ndar_vqa,5,60,11011000010101100110,11000000000101011010,00011000010000111100,11011000010101100110,-19.0,-1.99,0.6551724137931034,0.06862068965517241,0.6206896551724138,-19.0,0.6551724137931034,19.0,-18.0,0.6206896551724138,18.0,"NDAR outer step: optimize current transformed Hamiltonian, then remap using best sampled bitstring.",-19.0,0.6551724137931034,4,strong_damping
random_search,0,10,00000000000000000000,00010011011010110111,00010011011010110111,00000000000000000000,-17.0,-1.01,0.5862068965517241,0.03482758620689655,-0.0,-17.0,0.5862068965517241,17.0,0.0,-0.0,0.0,Random-parameter search on original Hamiltonian; keep the best parameter vector found so far.,-17.0,0.5862068965517241,4,strong_damping
random_search,1,20,00000000000000000000,00101101110010011000,00101101110010011000,00000000000000000000,-17.0,-1.16,0.5862068965517241,0.039999999999999994,-0.0,-17.0,0.5862068965517241,17.0,0.0,-0.0,0.0,Random-parameter search on original Hamiltonian; keep the best parameter vector found so far.,-17.0,0.5862068965517241,4,strong_damping
random_search,2,30,00000000000000000000,00100110010000111010,00100110010000111010,00000000000000000000,-16.0,-0.26,0.5517241379310345,0.00896551724137931,-0.0,-16.0,0.5517241379310345,16.0,0.0,-0.0,0.0,Random-parameter search on original Hamiltonian; keep the best parameter vector found so far.,-17.0,0.5862068965517241,4,strong_damping
random_search,3,40,00000000000000000000,00100110010000111010,00100110010000111010,00000000000000000000,-16.0,-0.09,0.5517241379310345,0.003103448275862069,-0.0,-16.0,0.5517241379310345,16.0,0.0,-0.0,0.0,Random-parameter search on original Hamiltonian; keep the best parameter vector found so far.,-17.0,0.5862068965517241,4,strong_damping
random_search,4,50,00000000000000000000,00100110010000111010,00100110010000111010,00000000000000000000,-16.0,-0.24,0.5517241379310345,0.008275862068965517,-0.0,-16.0,0.5517241379310345,16.0,0.0,-0.0,0.0,Random-parameter search on original Hamiltonian; keep the best parameter vector found so far.,-17.0,0.5862068965517241,4,strong_damping
random_search,5,60,00000000000000000000,00100110010000111010,00100110010000111010,00000000000000000000,-16.0,-0.34,0.5517241379310345,0.011724137931034483,-0.0,-16.0,0.5517241379310345,16.0,0.0,-0.0,0.0,Random-parameter search on original Hamiltonian; keep the best parameter vector found so far.,-17.0,0.5862068965517241,4,strong_damping
ndar_no_opt,0,10,00000000000000000000,10011000011111100110,10011000011111100110,00000000000000000000,-19.0,-1.89,0.6551724137931034,0.06517241379310344,-0.0,-19.0,0.6551724137931034,19.0,0.0,-0.0,0.0,NDAR-style remap loop with fixed circuit parameters and no optimization.,-19.0,0.6551724137931034,4,strong_damping
ndar_no_opt,1,20,10011000011111100110,10101001101111101010,00110001110000001100,10011000011111100110,-15.0,0.43,0.5172413793103449,-0.014827586206896552,0.6551724137931034,-15.0,0.5172413793103449,15.0,-19.0,0.6551724137931034,19.0,NDAR-style remap loop with fixed circuit parameters and no optimization.,-19.0,0.6551724137931034,4,strong_damping
ndar_no_opt,2,30,00110001110000001100,10101001101111101010,10011000011111100110,00110001110000001100,-19.0,-1.2,0.6551724137931034,0.041379310344827586,0.5172413793103449,-19.0,0.6551724137931034,19.0,-15.0,0.5172413793103449,15.0,NDAR-style remap loop with fixed circuit parameters and no optimization.,-19.0,0.6551724137931034,4,strong_damping
ndar_no_opt,3,40,10011000011111100110,10101001101111101010,00110001110000001100,10011000011111100110,-15.0,0.23,0.5172413793103449,-0.007931034482758621,0.6551724137931034,-15.0,0.5172413793103449,15.0,-19.0,0.6551724137931034,19.0,NDAR-style remap loop with fixed circuit parameters and no optimization.,-19.0,0.6551724137931034,4,strong_damping
ndar_no_opt,4,50,00110001110000001100,10101001101111101010,10011000011111100110,00110001110000001100,-19.0,-1.22,0.6551724137931034,0.04206896551724138,0.5172413793103449,-19.0,0.6551724137931034,19.0,-15.0,0.5172413793103449,15.0,NDAR-style remap loop with fixed circuit parameters and no optimization.,-19.0,0.6551724137931034,4,strong_damping
ndar_no_opt,5,60,10011000011111100110,10101001101111101010,00110001110000001100,10011000011111100110,-15.0,0.14,0.5172413793103449,-0.004827586206896552,0.6551724137931034,-15.0,0.5172413793103449,15.0,-19.0,0.6551724137931034,19.0,NDAR-style remap loop with fixed circuit parameters and no optimization.,-19.0,0.6551724137931034,4,strong_damping
plain_vqa,0,10,00000000000000000000,11110110100011010100,11110110100011010100,00000000000000000000,-5.0,12.44,0.3333333333333333,-0.8293333333333333,-0.0,-5.0,0.3333333333333333,5.0,0.0,-0.0,0.0,Budget-matched cumulative optimization on original Hamiltonian.,-5.0,0.3333333333333333,5,strong_damping
plain_vqa,1,20,00000000000000000000,00001001100000101101,00001001100000101101,00000000000000000000,-3.0,13.8,0.2,-0.92,-0.0,-3.0,0.2,3.0,0.0,-0.0,0.0,Budget-matched cumulative optimization on original Hamiltonian.,-5.0,0.3333333333333333,5,strong_damping
plain_vqa,2,30,00000000000000000000,00000001010100100100,00000001010100100100,00000000000000000000,1.0,12.97,-0.06666666666666667,-0.8646666666666667,-0.0,1.0,-0.06666666666666667,-1.0,0.0,-0.0,0.0,Budget-matched cumulative optimization on original Hamiltonian.,-5.0,0.3333333333333333,5,strong_damping
plain_vqa,3,40,00000000000000000000,00000001010100100100,00000001010100100100,00000000000000000000,1.0,12.87,-0.06666666666666667,-0.858,-0.0,1.0,-0.06666666666666667,-1.0,0.0,-0.0,0.0,Budget-matched cumulative optimization on original Hamiltonian.,-5.0,0.3333333333333333,5,strong_damping
plain_vqa,4,50,00000000000000000000,10111011001111101000,10111011001111101000,00000000000000000000,-4.0,11.87,0.26666666666666666,-0.7913333333333333,-0.0,-4.0,0.26666666666666666,4.0,0.0,-0.0,0.0,Budget-matched cumulative optimization on original Hamiltonian.,-5.0,0.3333333333333333,5,strong_damping
plain_vqa,5,60,00000000000000000000,10111011001111101000,10111011001111101000,00000000000000000000,-4.0,11.74,0.26666666666666666,-0.7826666666666667,-0.0,-4.0,0.26666666666666666,4.0,0.0,-0.0,0.0,Budget-matched cumulative optimization on original Hamiltonian.,-5.0,0.3333333333333333,5,strong_damping
ndar_vqa,0,10,00000000000000000000,10000001100100100101,10000001100100100101,00000000000000000000,-5.0,14.8,0.3333333333333333,-0.9866666666666667,-0.0,-5.0,0.3333333333333333,5.0,0.0,-0.0,0.0,"NDAR outer step: optimize current transformed Hamiltonian, then remap using best sampled bitstring.",-5.0,0.3333333333333333,5,strong_damping
ndar_vqa,1,20,10000001100100100101,01101110101000111010,11101111001100011111,10000001100100100101,-6.0,14.42,0.4,-0.9613333333333334,0.3333333333333333,-6.0,0.4,6.0,-5.0,0.3333333333333333,5.0,"NDAR outer step: optimize current transformed Hamiltonian, then remap using best sampled bitstring.",-6.0,0.4,5,strong_damping
ndar_vqa,2,30,11101111001100011111,01101111111000101000,10000000110100110111,11101111001100011111,-5.0,16.06,0.3333333333333333,-1.0706666666666667,0.4,-5.0,0.3333333333333333,5.0,-6.0,0.4,6.0,"NDAR outer step: optimize current transformed Hamiltonian, then remap using best sampled bitstring.",-6.0,0.4,5,strong_damping
ndar_vqa,3,40,10000000110100110111,01111111011001001100,11111111101101111011,10000000110100110111,-5.0,14.14,0.3333333333333333,-0.9426666666666667,0.3333333333333333,-5.0,0.3333333333333333,5.0,-5.0,0.3333333333333333,5.0,"NDAR outer step: optimize current transformed Hamiltonian, then remap using best sampled bitstring.",-6.0,0.4,5,strong_damping
ndar_vqa,4,50,11111111101101111011,01111111001110000111,10000000100011111100,11111111101101111011,-6.0,12.82,0.4,-0.8546666666666667,0.3333333333333333,-6.0,0.4,6.0,-5.0,0.3333333333333333,5.0,"NDAR outer step: optimize current transformed Hamiltonian, then remap using best sampled bitstring.",-6.0,0.4,5,strong_damping
ndar_vqa,5,60,10000000100011111100,01111110111100011110,11111110011111100010,10000000100011111100,2.0,13.99,-0.13333333333333333,-0.9326666666666666,0.4,2.0,-0.13333333333333333,-2.0,-6.0,0.4,6.0,"NDAR outer step: optimize current transformed Hamiltonian, then remap using best sampled bitstring.",-6.0,0.4,5,strong_damping
random_search,0,10,00000000000000000000,11010010011011011111,11010010011011011111,00000000000000000000,-1.0,13.07,0.06666666666666667,-0.8713333333333334,-0.0,-1.0,0.06666666666666667,1.0,0.0,-0.0,0.0,Random-parameter search on original Hamiltonian; keep the best parameter vector found so far.,-1.0,0.06666666666666667,5,strong_damping
random_search,1,20,00000000000000000000,10000000110000100101,10000000110000100101,00000000000000000000,-10.0,11.83,0.6666666666666666,-0.7886666666666666,-0.0,-10.0,0.6666666666666666,10.0,0.0,-0.0,0.0,Random-parameter search on original Hamiltonian; keep the best parameter vector found so far.,-10.0,0.6666666666666666,5,strong_damping
random_search,2,30,00000000000000000000,10000000110000100101,10000000110000100101,00000000000000000000,-10.0,11.97,0.6666666666666666,-0.798,-0.0,-10.0,0.6666666666666666,10.0,0.0,-0.0,0.0,Random-parameter search on original Hamiltonian; keep the best parameter vector found so far.,-10.0,0.6666666666666666,5,strong_damping
random_search,3,40,00000000000000000000,10000000110000100101,10000000110000100101,00000000000000000000,-10.0,11.99,0.6666666666666666,-0.7993333333333333,-0.0,-10.0,0.6666666666666666,10.0,0.0,-0.0,0.0,Random-parameter search on original Hamiltonian; keep the best parameter vector found so far.,-10.0,0.6666666666666666,5,strong_damping
random_search,4,50,00000000000000000000,10000001110010111100,10000001110010111100,00000000000000000000,-5.0,12.78,0.3333333333333333,-0.852,-0.0,-5.0,0.3333333333333333,5.0,0.0,-0.0,0.0,Random-parameter search on original Hamiltonian; keep the best parameter vector found so far.,-10.0,0.6666666666666666,5,strong_damping
random_search,5,60,00000000000000000000,10000001110010111100,10000001110010111100,00000000000000000000,-5.0,12.64,0.3333333333333333,-0.8426666666666667,-0.0,-5.0,0.3333333333333333,5.0,0.0,-0.0,0.0,Random-parameter search on original Hamiltonian; keep the best parameter vector found so far.,-10.0,0.6666666666666666,5,strong_damping
ndar_no_opt,0,10,00000000000000000000,11101001011101001000,11101001011101001000,00000000000000000000,0.0,14.31,-0.0,-0.9540000000000001,-0.0,0.0,-0.0,0.0,0.0,-0.0,0.0,NDAR-style remap loop with fixed circuit parameters and no optimization.,0.0,-0.0,5,strong_damping
ndar_no_opt,1,20,11101001011101001000,10101110000011010111,01000111011110011111,11101001011101001000,-5.0,12.58,0.3333333333333333,-0.8386666666666667,-0.0,-5.0,0.3333333333333333,5.0,0.0,-0.0,0.0,NDAR-style remap loop with fixed circuit parameters and no optimization.,-5.0,0.3333333333333333,5,strong_damping
ndar_no_opt,2,30,01000111011110011111,11001110111011110110,10001001100101101001,01000111011110011111,-3.0,14.49,0.2,-0.966,0.3333333333333333,-3.0,0.2,3.0,-5.0,0.3333333333333333,5.0,NDAR-style remap loop with fixed circuit parameters and no optimization.,-5.0,0.3333333333333333,5,strong_damping
ndar_no_opt,3,40,10001001100101101001,10100110101000110010,00101111001101011011,10001001100101101001,-8.0,12.98,0.5333333333333333,-0.8653333333333334,0.2,-8.0,0.5333333333333333,8.0,-3.0,0.2,3.0,NDAR-style remap loop with fixed circuit parameters and no optimization.,-8.0,0.5333333333333333,5,strong_damping
ndar_no_opt,4,50,00101111001101011011,10100110101000110010,10001001100101101001,00101111001101011011,-3.0,14.67,0.2,-0.978,0.5333333333333333,-3.0,0.2,3.0,-8.0,0.5333333333333333,8.0,NDAR-style remap loop with fixed circuit parameters and no optimization.,-8.0,0.5333333333333333,5,strong_damping
ndar_no_opt,5,60,10001001100101101001,10100110101000110010,00101111001101011011,10001001100101101001,-8.0,12.88,0.5333333333333333,-0.8586666666666667,0.2,-8.0,0.5333333333333333,8.0,-3.0,0.2,3.0,NDAR-style remap loop with fixed circuit parameters and no optimization.,-8.0,0.5333333333333333,5,strong_damping
plain_vqa,0,10,00000000000000000000,01101110000011011011,01101110000011011011,00000000000000000000,-23.0,-7.27,0.575,0.18175,-0.0,-23.0,0.575,23.0,0.0,-0.0,0.0,Budget-matched cumulative optimization on original Hamiltonian.,-23.0,0.575,6,strong_damping
plain_vqa,1,20,00000000000000000000,00001011001100010111,00001011001100010111,00000000000000000000,-21.0,-5.92,0.525,0.148,-0.0,-21.0,0.525,21.0,0.0,-0.0,0.0,Budget-matched cumulative optimization on original Hamiltonian.,-23.0,0.575,6,strong_damping
plain_vqa,2,30,00000000000000000000,11001110010010111001,11001110010010111001,00000000000000000000,-31.0,-5.86,0.775,0.14650000000000002,-0.0,-31.0,0.775,31.0,0.0,-0.0,0.0,Budget-matched cumulative optimization on original Hamiltonian.,-31.0,0.775,6,strong_damping
plain_vqa,3,40,00000000000000000000,11001110010010111001,11001110010010111001,00000000000000000000,-31.0,-5.79,0.775,0.14475,-0.0,-31.0,0.775,31.0,0.0,-0.0,0.0,Budget-matched cumulative optimization on original Hamiltonian.,-31.0,0.775,6,strong_damping
plain_vqa,4,50,00000000000000000000,11001110010010111001,11001110010010111001,00000000000000000000,-31.0,-5.66,0.775,0.14150000000000001,-0.0,-31.0,0.775,31.0,0.0,-0.0,0.0,Budget-matched cumulative optimization on original Hamiltonian.,-31.0,0.775,6,strong_damping
plain_vqa,5,60,00000000000000000000,11001110010010111001,11001110010010111001,00000000000000000000,-31.0,-5.66,0.775,0.14150000000000001,-0.0,-31.0,0.775,31.0,0.0,-0.0,0.0,Budget-matched cumulative optimization on original Hamiltonian.,-31.0,0.775,6,strong_damping
ndar_vqa,0,10,00000000000000000000,00110001001101000100,00110001001101000100,00000000000000000000,-25.0,-6.82,0.625,0.1705,-0.0,-25.0,0.625,25.0,0.0,-0.0,0.0,"NDAR outer step: optimize current transformed Hamiltonian, then remap using best sampled bitstring.",-25.0,0.625,6,strong_damping
ndar_vqa,1,20,00110001001101000100,10110001010101111001,10000000011000111101,00110001001101000100,-20.0,-6.74,0.5,0.1685,0.625,-20.0,0.5,20.0,-25.0,0.625,25.0,"NDAR outer step: optimize current transformed Hamiltonian, then remap using best sampled bitstring.",-25.0,0.625,6,strong_damping
ndar_vqa,2,30,10000000011000111101,10000001100001100001,00000001111001011100,10000000011000111101,-28.0,-7.04,0.7,0.176,0.5,-28.0,0.7,28.0,-20.0,0.5,20.0,"NDAR outer step: optimize current transformed Hamiltonian, then remap using best sampled bitstring.",-28.0,0.7,6,strong_damping
ndar_vqa,3,40,00000001111001011100,10010000100001100000,10010001011000111100,00000001111001011100,-31.0,-6.82,0.775,0.1705,0.7,-31.0,0.775,31.0,-28.0,0.7,28.0,"NDAR outer step: optimize current transformed Hamiltonian, then remap using best sampled bitstring.",-31.0,0.775,6,strong_damping
ndar_vqa,4,50,10010001011000111100,10100100010001101010,00110101001001010110,10010001011000111100,-25.0,-6.24,0.625,0.156,0.775,-25.0,0.625,25.0,-31.0,0.775,31.0,"NDAR outer step: optimize current transformed Hamiltonian, then remap using best sampled bitstring.",-31.0,0.775,6,strong_damping
ndar_vqa,5,60,00110101001001010110,10011100010011000111,10101001011010010001,00110101001001010110,-25.0,-6.32,0.625,0.158,0.625,-25.0,0.625,25.0,-25.0,0.625,25.0,"NDAR outer step: optimize current transformed Hamiltonian, then remap using best sampled bitstring.",-31.0,0.775,6,strong_damping
random_search,0,10,00000000000000000000,10000000111010110100,10000000111010110100,00000000000000000000,-26.0,-6.83,0.65,0.17075,-0.0,-26.0,0.65,26.0,0.0,-0.0,0.0,Random-parameter search on original Hamiltonian; keep the best parameter vector found so far.,-26.0,0.65,6,strong_damping
random_search,1,20,00000000000000000000,00110001001110000110,00110001001110000110,00000000000000000000,-26.0,-8.07,0.65,0.20175,-0.0,-26.0,0.65,26.0,0.0,-0.0,0.0,Random-parameter search on original Hamiltonian; keep the best parameter vector found so far.,-26.0,0.65,6,strong_damping
random_search,2,30,00000000000000000000,00110001001110000110,00110001001110000110,00000000000000000000,-26.0,-7.94,0.65,0.1985,-0.0,-26.0,0.65,26.0,0.0,-0.0,0.0,Random-parameter search on original Hamiltonian; keep the best parameter vector found so far.,-26.0,0.65,6,strong_damping
random_search,3,40,00000000000000000000,00110001001110000110,00110001001110000110,00000000000000000000,-26.0,-7.87,0.65,0.19675,-0.0,-26.0,0.65,26.0,0.0,-0.0,0.0,Random-parameter search on original Hamiltonian; keep the best parameter vector found so far.,-26.0,0.65,6,strong_damping
random_search,4,50,00000000000000000000,00110001001110000110,00110001001110000110,00000000000000000000,-26.0,-7.74,0.65,0.1935,-0.0,-26.0,0.65,26.0,0.0,-0.0,0.0,Random-parameter search on original Hamiltonian; keep the best parameter vector found so far.,-26.0,0.65,6,strong_damping
random_search,5,60,00000000000000000000,00110001001110000110,00110001001110000110,00000000000000000000,-26.0,-7.7,0.65,0.1925,-0.0,-26.0,0.65,26.0,0.0,-0.0,0.0,Random-parameter search on original Hamiltonian; keep the best parameter vector found so far.,-26.0,0.65,6,strong_damping
ndar_no_opt,0,10,00000000000000000000,00110011001000010110,00110011001000010110,00000000000000000000,-30.0,-7.97,0.75,0.19924999999999998,-0.0,-30.0,0.75,30.0,0.0,-0.0,0.0,NDAR-style remap loop with fixed circuit parameters and no optimization.,-30.0,0.75,6,strong_damping
ndar_no_opt,1,20,00110011001000010110,00010011100001000010,00100000101001010100,00110011001000010110,-28.0,-5.52,0.7,0.13799999999999998,0.75,-28.0,0.7,28.0,-30.0,0.75,30.0,NDAR-style remap loop with fixed circuit parameters and no optimization.,-30.0,0.75,6,strong_damping
ndar_no_opt,2,30,00100000101001010100,00010011100001000010,00110011001000010110,00100000101001010100,-30.0,-5.67,0.75,0.14175,0.7,-30.0,0.75,30.0,-28.0,0.7,28.0,NDAR-style remap loop with fixed circuit parameters and no optimization.,-30.0,0.75,6,strong_damping
ndar_no_opt,3,40,00110011001000010110,00010011100001000010,00100000101001010100,00110011001000010110,-28.0,-5.56,0.7,0.13899999999999998,0.75,-28.0,0.7,28.0,-30.0,0.75,30.0,NDAR-style remap loop with fixed circuit parameters and no optimization.,-30.0,0.75,6,strong_damping
ndar_no_opt,4,50,00100000101001010100,00010011100001000010,00110011001000010110,00100000101001010100,-30.0,-5.67,0.75,0.14175,0.7,-30.0,0.75,30.0,-28.0,0.7,28.0,NDAR-style remap loop with fixed circuit parameters and no optimization.,-30.0,0.75,6,strong_damping
ndar_no_opt,5,60,00110011001000010110,00010011100001000010,00100000101001010100,00110011001000010110,-28.0,-5.63,0.7,0.14075,0.75,-28.0,0.7,28.0,-30.0,0.75,30.0,NDAR-style remap loop with fixed circuit parameters and no optimization.,-30.0,0.75,6,strong_damping
plain_vqa,0,10,00000000000000000000,01111011100011000010,01111011100011000010,00000000000000000000,-24.0,-6.11,0.6,0.15275,-0.0,-24.0,0.6,24.0,0.0,-0.0,0.0,Budget-matched cumulative optimization on original Hamiltonian.,-24.0,0.6,7,strong_damping
plain_vqa,1,20,00000000000000000000,01111011100011000010,01111011100011000010,00000000000000000000,-24.0,-5.99,0.6,0.14975,-0.0,-24.0,0.6,24.0,0.0,-0.0,0.0,Budget-matched cumulative optimization on original Hamiltonian.,-24.0,0.6,7,strong_damping
plain_vqa,2,30,00000000000000000000,01111011100011000010,01111011100011000010,00000000000000000000,-24.0,-6.11,0.6,0.15275,-0.0,-24.0,0.6,24.0,0.0,-0.0,0.0,Budget-matched cumulative optimization on original Hamiltonian.,-24.0,0.6,7,strong_damping
plain_vqa,3,40,00000000000000000000,10111001100000000101,10111001100000000101,00000000000000000000,-24.0,-7.79,0.6,0.19475,-0.0,-24.0,0.6,24.0,0.0,-0.0,0.0,Budget-matched cumulative optimization on original Hamiltonian.,-24.0,0.6,7,strong_damping
plain_vqa,4,50,00000000000000000000,10011001101101110100,10011001101101110100,00000000000000000000,-25.0,-7.55,0.625,0.18875,-0.0,-25.0,0.625,25.0,0.0,-0.0,0.0,Budget-matched cumulative optimization on original Hamiltonian.,-25.0,0.625,7,strong_damping
plain_vqa,5,60,00000000000000000000,10011001101101110100,10011001101101110100,00000000000000000000,-25.0,-7.62,0.625,0.1905,-0.0,-25.0,0.625,25.0,0.0,-0.0,0.0,Budget-matched cumulative optimization on original Hamiltonian.,-25.0,0.625,7,strong_damping
ndar_vqa,0,10,00000000000000000000,11010001000011110100,11010001000011110100,00000000000000000000,-21.0,-6.81,0.525,0.17024999999999998,-0.0,-21.0,0.525,21.0,0.0,-0.0,0.0,"NDAR outer step: optimize current transformed Hamiltonian, then remap using best sampled bitstring.",-21.0,0.525,7,strong_damping
ndar_vqa,1,20,11010001000011110100,10100001011101010010,01110000011110100110,11010001000011110100,-30.0,-6.7,0.75,0.1675,0.525,-30.0,0.75,30.0,-21.0,0.525,21.0,"NDAR outer step: optimize current transformed Hamiltonian, then remap using best sampled bitstring.",-30.0,0.75,7,strong_damping
ndar_vqa,2,30,01110000011110100110,10001010000000010010,11111010011110110100,01110000011110100110,-19.0,-6.31,0.475,0.15775,0.75,-19.0,0.475,19.0,-30.0,0.75,30.0,"NDAR outer step: optimize current transformed Hamiltonian, then remap using best sampled bitstring.",-30.0,0.75,7,strong_damping
ndar_vqa,3,40,11111010011110110100,10101010110010000010,01010000101100110110,11111010011110110100,-25.0,-7.08,0.625,0.177,0.475,-25.0,0.625,25.0,-19.0,0.475,19.0,"NDAR outer step: optimize current transformed Hamiltonian, then remap using best sampled bitstring.",-30.0,0.75,7,strong_damping
ndar_vqa,4,50,01010000101100110110,00010111111101101101,01000111010001011011,01010000101100110110,-26.0,-6.1,0.65,0.1525,0.625,-26.0,0.65,26.0,-25.0,0.625,25.0,"NDAR outer step: optimize current transformed Hamiltonian, then remap using best sampled bitstring.",-30.0,0.75,7,strong_damping
ndar_vqa,5,60,01000111010001011011,10010111010111111101,11010000000110100110,01000111010001011011,-20.0,-6.67,0.5,0.16675,0.65,-20.0,0.5,20.0,-26.0,0.65,26.0,"NDAR outer step: optimize current transformed Hamiltonian, then remap using best sampled bitstring.",-30.0,0.75,7,strong_damping
random_search,0,10,00000000000000000000,01110110111001011101,01110110111001011101,00000000000000000000,-23.0,-7.03,0.575,0.17575000000000002,-0.0,-23.0,0.575,23.0,0.0,-0.0,0.0,Random-parameter search on original Hamiltonian; keep the best parameter vector found so far.,-23.0,0.575,7,strong_damping
random_search,1,20,00000000000000000000,01110110111001011101,01110110111001011101,00000000000000000000,-23.0,-7.09,0.575,0.17725,-0.0,-23.0,0.575,23.0,0.0,-0.0,0.0,Random-parameter search on original Hamiltonian; keep the best parameter vector found so far.,-23.0,0.575,7,strong_damping
random_search,2,30,00000000000000000000,00000000011110110110,00000000011110110110,00000000000000000000,-30.0,-7.76,0.75,0.194,-0.0,-30.0,0.75,30.0,0.0,-0.0,0.0,Random-parameter search on original Hamiltonian; keep the best parameter vector found so far.,-30.0,0.75,7,strong_damping
random_search,3,40,00000000000000000000,11011111100001011001,11011111100001011001,00000000000000000000,-24.0,-4.66,0.6,0.1165,-0.0,-24.0,0.6,24.0,0.0,-0.0,0.0,Random-parameter search on original Hamiltonian; keep the best parameter vector found so far.,-30.0,0.75,7,strong_damping
random_search,4,50,00000000000000000000,11011111100001011001,11011111100001011001,00000000000000000000,-24.0,-4.9,0.6,0.12250000000000001,-0.0,-24.0,0.6,24.0,0.0,-0.0,0.0,Random-parameter search on original Hamiltonian; keep the best parameter vector found so far.,-30.0,0.75,7,strong_damping
random_search,5,60,00000000000000000000,11011111100001011001,11011111100001011001,00000000000000000000,-24.0,-4.86,0.6,0.12150000000000001,-0.0,-24.0,0.6,24.0,0.0,-0.0,0.0,Random-parameter search on original Hamiltonian; keep the best parameter vector found so far.,-30.0,0.75,7,strong_damping
ndar_no_opt,0,10,00000000000000000000,00101101101111000010,00101101101111000010,00000000000000000000,-26.0,-6.16,0.65,0.154,-0.0,-26.0,0.65,26.0,0.0,-0.0,0.0,NDAR-style remap loop with fixed circuit parameters and no optimization.,-26.0,0.65,7,strong_damping
ndar_no_opt,1,20,00101101101111000010,01101001010001001000,01000100111110001010,00101101101111000010,-21.0,-5.93,0.525,0.14825,0.65,-21.0,0.525,21.0,-26.0,0.65,26.0,NDAR-style remap loop with fixed circuit parameters and no optimization.,-26.0,0.65,7,strong_damping
ndar_no_opt,2,30,01000100111110001010,11101010011011000011,10101110100101001001,01000100111110001010,-26.0,-7.31,0.65,0.18275,0.525,-26.0,0.65,26.0,-21.0,0.525,21.0,NDAR-style remap loop with fixed circuit parameters and no optimization.,-26.0,0.65,7,strong_damping
ndar_no_opt,3,40,10101110100101001001,00101000110100000000,10000110010001001001,10101110100101001001,-25.0,-5.74,0.625,0.14350000000000002,0.65,-25.0,0.625,25.0,-26.0,0.65,26.0,NDAR-style remap loop with fixed circuit parameters and no optimization.,-26.0,0.65,7,strong_damping
ndar_no_opt,4,50,10000110010001001001,00101000110100000000,10101110100101001001,10000110010001001001,-26.0,-6.62,0.65,0.1655,0.625,-26.0,0.65,26.0,-25.0,0.625,25.0,NDAR-style remap loop with fixed circuit parameters and no optimization.,-26.0,0.65,7,strong_damping
ndar_no_opt,5,60,10101110100101001001,00101000110100000000,10000110010001001001,10101110100101001001,-25.0,-5.7,0.625,0.14250000000000002,0.65,-25.0,0.625,25.0,-26.0,0.65,26.0,NDAR-style remap loop with fixed circuit parameters and no optimization.,-26.0,0.65,7,strong_damping
plain_vqa,0,10,00000000000000000000,01010101011000000001,01010101011000000001,00000000000000000000,-13.0,4.63,0.5652173913043478,-0.20130434782608694,-0.0,-13.0,0.5652173913043478,13.0,0.0,-0.0,0.0,Budget-matched cumulative optimization on original Hamiltonian.,-13.0,0.5652173913043478,8,strong_damping
plain_vqa,1,20,00000000000000000000,00100011100101111000,00100011100101111000,00000000000000000000,-13.0,4.4,0.5652173913043478,-0.19130434782608696,-0.0,-13.0,0.5652173913043478,13.0,0.0,-0.0,0.0,Budget-matched cumulative optimization on original Hamiltonian.,-13.0,0.5652173913043478,8,strong_damping
plain_vqa,2,30,00000000000000000000,01110000101101111011,01110000101101111011,00000000000000000000,-14.0,3.83,0.6086956521739131,-0.16652173913043478,-0.0,-14.0,0.6086956521739131,14.0,0.0,-0.0,0.0,Budget-matched cumulative optimization on original Hamiltonian.,-14.0,0.6086956521739131,8,strong_damping
plain_vqa,3,40,00000000000000000000,01000011100111111000,01000011100111111000,00000000000000000000,-12.0,4.19,0.5217391304347826,-0.18217391304347827,-0.0,-12.0,0.5217391304347826,12.0,0.0,-0.0,0.0,Budget-matched cumulative optimization on original Hamiltonian.,-14.0,0.6086956521739131,8,strong_damping
plain_vqa,4,50,00000000000000000000,01000011100111111000,01000011100111111000,00000000000000000000,-12.0,4.07,0.5217391304347826,-0.17695652173913046,-0.0,-12.0,0.5217391304347826,12.0,0.0,-0.0,0.0,Budget-matched cumulative optimization on original Hamiltonian.,-14.0,0.6086956521739131,8,strong_damping
plain_vqa,5,60,00000000000000000000,00110000100111111111,00110000100111111111,00000000000000000000,-16.0,4.17,0.6956521739130435,-0.18130434782608695,-0.0,-16.0,0.6956521739130435,16.0,0.0,-0.0,0.0,Budget-matched cumulative optimization on original Hamiltonian.,-16.0,0.6956521739130435,8,strong_damping
ndar_vqa,0,10,00000000000000000000,11000100001010000111,11000100001010000111,00000000000000000000,-10.0,5.47,0.43478260869565216,-0.23782608695652172,-0.0,-10.0,0.43478260869565216,10.0,0.0,-0.0,0.0,"NDAR outer step: optimize current transformed Hamiltonian, then remap using best sampled bitstring.",-10.0,0.43478260869565216,8,strong_damping
ndar_vqa,1,20,11000100001010000111,11100011011010000011,00100111010000000100,11000100001010000111,-8.0,5.46,0.34782608695652173,-0.2373913043478261,0.43478260869565216,-8.0,0.34782608695652173,8.0,-10.0,0.43478260869565216,10.0,"NDAR outer step: optimize current transformed Hamiltonian, then remap using best sampled bitstring.",-10.0,0.43478260869565216,8,strong_damping
ndar_vqa,2,30,00100111010000000100,10001100111110111010,10101011101110111110,00100111010000000100,-14.0,6.0,0.6086956521739131,-0.2608695652173913,0.34782608695652173,-14.0,0.6086956521739131,14.0,-8.0,0.34782608695652173,8.0,"NDAR outer step: optimize current transformed Hamiltonian, then remap using best sampled bitstring.",-14.0,0.6086956521739131,8,strong_damping
ndar_vqa,3,40,10101011101110111110,01111100111011101110,11010111010101010000,10101011101110111110,-10.0,4.59,0.43478260869565216,-0.19956521739130434,0.6086956521739131,-10.0,0.43478260869565216,10.0,-14.0,0.6086956521739131,14.0,"NDAR outer step: optimize current transformed Hamiltonian, then remap using best sampled bitstring.",-14.0,0.6086956521739131,8,strong_damping
ndar_vqa,4,50,11010111010101010000,01000111111010101110,10010000101111111110,11010111010101010000,-16.0,5.03,0.6956521739130435,-0.21869565217391304,0.43478260869565216,-16.0,0.6956521739130435,16.0,-10.0,0.43478260869565216,10.0,"NDAR outer step: optimize current transformed Hamiltonian, then remap using best sampled bitstring.",-16.0,0.6956521739130435,8,strong_damping
ndar_vqa,5,60,10010000101111111110,10000111111010000110,00010111010101111000,10010000101111111110,-14.0,5.78,0.6086956521739131,-0.25130434782608696,0.6956521739130435,-14.0,0.6086956521739131,14.0,-16.0,0.6956521739130435,16.0,"NDAR outer step: optimize current transformed Hamiltonian, then remap using best sampled bitstring.",-16.0,0.6956521739130435,8,strong_damping
random_search,0,10,00000000000000000000,11101000001000000111,11101000001000000111,00000000000000000000,-12.0,6.34,0.5217391304347826,-0.2756521739130435,-0.0,-12.0,0.5217391304347826,12.0,0.0,-0.0,0.0,Random-parameter search on original Hamiltonian; keep the best parameter vector found so far.,-12.0,0.5217391304347826,8,strong_damping
random_search,1,20,00000000000000000000,10010011101101011000,10010011101101011000,00000000000000000000,-14.0,4.52,0.6086956521739131,-0.19652173913043477,-0.0,-14.0,0.6086956521739131,14.0,0.0,-0.0,0.0,Random-parameter search on original Hamiltonian; keep the best parameter vector found so far.,-14.0,0.6086956521739131,8,strong_damping
random_search,2,30,00000000000000000000,11010111010000000101,11010111010000000101,00000000000000000000,-9.0,6.59,0.391304347826087,-0.28652173913043477,-0.0,-9.0,0.391304347826087,9.0,0.0,-0.0,0.0,Random-parameter search on original Hamiltonian; keep the best parameter vector found so far.,-14.0,0.6086956521739131,8,strong_damping
random_search,3,40,00000000000000000000,11010111010000000101,11010111010000000101,00000000000000000000,-9.0,6.63,0.391304347826087,-0.2882608695652174,-0.0,-9.0,0.391304347826087,9.0,0.0,-0.0,0.0,Random-parameter search on original Hamiltonian; keep the best parameter vector found so far.,-14.0,0.6086956521739131,8,strong_damping
random_search,4,50,00000000000000000000,00101101000001000001,00101101000001000001,00000000000000000000,-16.0,6.85,0.6956521739130435,-0.29782608695652174,-0.0,-16.0,0.6956521739130435,16.0,0.0,-0.0,0.0,Random-parameter search on original Hamiltonian; keep the best parameter vector found so far.,-16.0,0.6956521739130435,8,strong_damping
random_search,5,60,00000000000000000000,10001000010010000111,10001000010010000111,00000000000000000000,-11.0,5.33,0.4782608695652174,-0.23173913043478261,-0.0,-11.0,0.4782608695652174,11.0,0.0,-0.0,0.0,Random-parameter search on original Hamiltonian; keep the best parameter vector found so far.,-16.0,0.6956521739130435,8,strong_damping
ndar_no_opt,0,10,00000000000000000000,11100010101111001110,11100010101111001110,00000000000000000000,-8.0,5.61,0.34782608695652173,-0.24391304347826087,-0.0,-8.0,0.34782608695652173,8.0,0.0,-0.0,0.0,NDAR-style remap loop with fixed circuit parameters and no optimization.,-8.0,0.34782608695652173,8,strong_damping
ndar_no_opt,1,20,11100010101111001110,01000010000000110000,10100000101111111110,11100010101111001110,-16.0,5.32,0.6956521739130435,-0.23130434782608697,0.34782608695652173,-16.0,0.6956521739130435,16.0,-8.0,0.34782608695652173,8.0,NDAR-style remap loop with fixed circuit parameters and no optimization.,-16.0,0.6956521739130435,8,strong_damping
ndar_no_opt,2,30,10100000101111111110,00110011001000100110,10010011100111011000,10100000101111111110,-14.0,4.17,0.6086956521739131,-0.18130434782608695,0.6956521739130435,-14.0,0.6086956521739131,14.0,-16.0,0.6956521739130435,16.0,NDAR-style remap loop with fixed circuit parameters and no optimization.,-16.0,0.6956521739130435,8,strong_damping
ndar_no_opt,3,40,10010011100111011000,00110011001000100110,10100000101111111110,10010011100111011000,-16.0,5.84,0.6956521739130435,-0.2539130434782609,0.6086956521739131,-16.0,0.6956521739130435,16.0,-14.0,0.6086956521739131,14.0,NDAR-style remap loop with fixed circuit parameters and no optimization.,-16.0,0.6956521739130435,8,strong_damping
ndar_no_opt,4,50,10100000101111111110,00110011001000100110,10010011100111011000,10100000101111111110,-14.0,4.08,0.6086956521739131,-0.1773913043478261,0.6956521739130435,-14.0,0.6086956521739131,14.0,-16.0,0.6956521739130435,16.0,NDAR-style remap loop with fixed circuit parameters and no optimization.,-16.0,0.6956521739130435,8,strong_damping
ndar_no_opt,5,60,10010011100111011000,00110011001000100110,10100000101111111110,10010011100111011000,-16.0,5.99,0.6956521739130435,-0.2604347826086957,0.6086956521739131,-16.0,0.6956521739130435,16.0,-14.0,0.6086956521739131,14.0,NDAR-style remap loop with fixed circuit parameters and no optimization.,-16.0,0.6956521739130435,8,strong_damping
plain_vqa,0,10,00000000000000000000,11101001111111110101,11101001111111110101,00000000000000000000,-19.0,-6.82,0.5428571428571428,0.19485714285714287,-0.0,-19.0,0.5428571428571428,19.0,0.0,-0.0,0.0,Budget-matched cumulative optimization on original Hamiltonian.,-19.0,0.5428571428571428,9,strong_damping
plain_vqa,1,20,00000000000000000000,11101001111111100101,11101001111111100101,00000000000000000000,-22.0,-6.97,0.6285714285714286,0.19914285714285715,-0.0,-22.0,0.6285714285714286,22.0,0.0,-0.0,0.0,Budget-matched cumulative optimization on original Hamiltonian.,-22.0,0.6285714285714286,9,strong_damping
plain_vqa,2,30,00000000000000000000,11101001111111100101,11101001111111100101,00000000000000000000,-22.0,-6.9,0.6285714285714286,0.19714285714285715,-0.0,-22.0,0.6285714285714286,22.0,0.0,-0.0,0.0,Budget-matched cumulative optimization on original Hamiltonian.,-22.0,0.6285714285714286,9,strong_damping
plain_vqa,3,40,00000000000000000000,11101001111111100101,11101001111111100101,00000000000000000000,-22.0,-6.83,0.6285714285714286,0.19514285714285715,-0.0,-22.0,0.6285714285714286,22.0,0.0,-0.0,0.0,Budget-matched cumulative optimization on original Hamiltonian.,-22.0,0.6285714285714286,9,strong_damping
plain_vqa,4,50,00000000000000000000,11101001111111100101,11101001111111100101,00000000000000000000,-22.0,-6.79,0.6285714285714286,0.194,-0.0,-22.0,0.6285714285714286,22.0,0.0,-0.0,0.0,Budget-matched cumulative optimization on original Hamiltonian.,-22.0,0.6285714285714286,9,strong_damping
plain_vqa,5,60,00000000000000000000,10110111110100100010,10110111110100100010,00000000000000000000,-27.0,-6.44,0.7714285714285715,0.18400000000000002,-0.0,-27.0,0.7714285714285715,27.0,0.0,-0.0,0.0,Budget-matched cumulative optimization on original Hamiltonian.,-27.0,0.7714285714285715,9,strong_damping
ndar_vqa,0,10,00000000000000000000,01111111111100100110,01111111111100100110,00000000000000000000,-28.0,-7.04,0.8,0.20114285714285715,-0.0,-28.0,0.8,28.0,0.0,-0.0,0.0,"NDAR outer step: optimize current transformed Hamiltonian, then remap using best sampled bitstring.",-28.0,0.8,9,strong_damping
ndar_vqa,1,20,01111111111100100110,01101101011111101111,00010010100011001001,01111111111100100110,-19.0,-5.7,0.5428571428571428,0.16285714285714287,0.8,-19.0,0.5428571428571428,19.0,-28.0,0.8,28.0,"NDAR outer step: optimize current transformed Hamiltonian, then remap using best sampled bitstring.",-28.0,0.8,9,strong_damping
ndar_vqa,2,30,00010010100011001001,11111010100000100100,11101000000011101101,00010010100011001001,-24.0,-5.95,0.6857142857142857,0.17,0.5428571428571428,-24.0,0.6857142857142857,24.0,-19.0,0.5428571428571428,19.0,"NDAR outer step: optimize current transformed Hamiltonian, then remap using best sampled bitstring.",-28.0,0.8,9,strong_damping
ndar_vqa,3,40,11101000000011101101,01111111000111101111,10010111000100000010,11101000000011101101,-23.0,-6.28,0.6571428571428571,0.17942857142857144,0.6857142857142857,-23.0,0.6571428571428571,23.0,-24.0,0.6857142857142857,24.0,"NDAR outer step: optimize current transformed Hamiltonian, then remap using best sampled bitstring.",-28.0,0.8,9,strong_damping
ndar_vqa,4,50,10010111000100000010,01111111000111100111,11101000000011100101,10010111000100000010,-25.0,-8.15,0.7142857142857143,0.23285714285714287,0.6571428571428571,-25.0,0.7142857142857143,25.0,-23.0,0.6571428571428571,23.0,"NDAR outer step: optimize current transformed Hamiltonian, then remap using best sampled bitstring.",-28.0,0.8,9,strong_damping
ndar_vqa,5,60,11101000000011100101,00001001100100001100,11100001100111101001,11101000000011100101,-23.0,-7.57,0.6571428571428571,0.2162857142857143,0.7142857142857143,-23.0,0.6571428571428571,23.0,-25.0,0.7142857142857143,25.0,"NDAR outer step: optimize current transformed Hamiltonian, then remap using best sampled bitstring.",-28.0,0.8,9,strong_damping
random_search,0,10,00000000000000000000,10100111010100010010,10100111010100010010,00000000000000000000,-25.0,-6.62,0.7142857142857143,0.18914285714285714,-0.0,-25.0,0.7142857142857143,25.0,0.0,-0.0,0.0,Random-parameter search on original Hamiltonian; keep the best parameter vector found so far.,-25.0,0.7142857142857143,9,strong_damping
random_search,1,20,00000000000000000000,00011111111001001111,00011111111001001111,00000000000000000000,-21.0,-6.68,0.6,0.19085714285714284,-0.0,-21.0,0.6,21.0,0.0,-0.0,0.0,Random-parameter search on original Hamiltonian; keep the best parameter vector found so far.,-25.0,0.7142857142857143,9,strong_damping
random_search,2,30,00000000000000000000,00011101111000001011,00011101111000001011,00000000000000000000,-26.0,-7.34,0.7428571428571429,0.20971428571428571,-0.0,-26.0,0.7428571428571429,26.0,0.0,-0.0,0.0,Random-parameter search on original Hamiltonian; keep the best parameter vector found so far.,-26.0,0.7428571428571429,9,strong_damping
random_search,3,40,00000000000000000000,00011101111000001011,00011101111000001011,00000000000000000000,-26.0,-7.28,0.7428571428571429,0.20800000000000002,-0.0,-26.0,0.7428571428571429,26.0,0.0,-0.0,0.0,Random-parameter search on original Hamiltonian; keep the best parameter vector found so far.,-26.0,0.7428571428571429,9,strong_damping
random_search,4,50,00000000000000000000,00011101111000001011,00011101111000001011,00000000000000000000,-26.0,-7.21,0.7428571428571429,0.206,-0.0,-26.0,0.7428571428571429,26.0,0.0,-0.0,0.0,Random-parameter search on original Hamiltonian; keep the best parameter vector found so far.,-26.0,0.7428571428571429,9,strong_damping
random_search,5,60,00000000000000000000,01101011011110100100,01101011011110100100,00000000000000000000,-19.0,-5.53,0.5428571428571428,0.158,-0.0,-19.0,0.5428571428571428,19.0,0.0,-0.0,0.0,Random-parameter search on original Hamiltonian; keep the best parameter vector found so far.,-26.0,0.7428571428571429,9,strong_damping
ndar_no_opt,0,10,00000000000000000000,11101001111101111101,11101001111101111101,00000000000000000000,-25.0,-6.08,0.7142857142857143,0.1737142857142857,-0.0,-25.0,0.7142857142857143,25.0,0.0,-0.0,0.0,NDAR-style remap loop with fixed circuit parameters and no optimization.,-25.0,0.7142857142857143,9,strong_damping
ndar_no_opt,1,20,11101001111101111101,01001011111010101011,10100010000111010110,11101001111101111101,-19.0,-5.98,0.5428571428571428,0.17085714285714287,0.7142857142857143,-19.0,0.5428571428571428,19.0,-25.0,0.7142857142857143,25.0,NDAR-style remap loop with fixed circuit parameters and no optimization.,-25.0,0.7142857142857143,9,strong_damping
ndar_no_opt,2,30,10100010000111010110,01001011111010101011,11101001111101111101,10100010000111010110,-25.0,-5.81,0.7142857142857143,0.16599999999999998,0.5428571428571428,-25.0,0.7142857142857143,25.0,-19.0,0.5428571428571428,19.0,NDAR-style remap loop with fixed circuit parameters and no optimization.,-25.0,0.7142857142857143,9,strong_damping
ndar_no_opt,3,40,11101001111101111101,01001011111010101011,10100010000111010110,11101001111101111101,-19.0,-5.88,0.5428571428571428,0.168,0.7142857142857143,-19.0,0.5428571428571428,19.0,-25.0,0.7142857142857143,25.0,NDAR-style remap loop with fixed circuit parameters and no optimization.,-25.0,0.7142857142857143,9,strong_damping
ndar_no_opt,4,50,10100010000111010110,01001011111010101011,11101001111101111101,10100010000111010110,-25.0,-5.75,0.7142857142857143,0.16428571428571428,0.5428571428571428,-25.0,0.7142857142857143,25.0,-19.0,0.5428571428571428,19.0,NDAR-style remap loop with fixed circuit parameters and no optimization.,-25.0,0.7142857142857143,9,strong_damping
ndar_no_opt,5,60,11101001111101111101,01001011111010101011,10100010000111010110,11101001111101111101,-19.0,-5.98,0.5428571428571428,0.17085714285714287,0.7142857142857143,-19.0,0.5428571428571428,19.0,-25.0,0.7142857142857143,25.0,NDAR-style remap loop with fixed circuit parameters and no optimization.,-25.0,0.7142857142857143,9,strong_damping
plain_vqa,0,10,00000000000000000000,11010000101101001100,11010000101101001100,00000000000000000000,-9.0,6.39,0.45,-0.3195,-0.0,-9.0,0.45,9.0,0.0,-0.0,0.0,Budget-matched cumulative optimization on original Hamiltonian.,-9.0,0.45,0,moderate_damping
plain_vqa,1,20,00000000000000000000,01010000101101001000,01010000101101001000,00000000000000000000,-13.0,4.66,0.65,-0.233,-0.0,-13.0,0.65,13.0,0.0,-0.0,0.0,Budget-matched cumulative optimization on original Hamiltonian.,-13.0,0.65,0,moderate_damping
plain_vqa,2,30,00000000000000000000,10010000101101001100,10010000101101001100,00000000000000000000,-10.0,4.8,0.5,-0.24,-0.0,-10.0,0.5,10.0,0.0,-0.0,0.0,Budget-matched cumulative optimization on original Hamiltonian.,-13.0,0.65,0,moderate_damping
plain_vqa,3,40,00000000000000000000,01010011101101001000,01010011101101001000,00000000000000000000,-11.0,4.71,0.55,-0.2355,-0.0,-11.0,0.55,11.0,0.0,-0.0,0.0,Budget-matched cumulative optimization on original Hamiltonian.,-13.0,0.65,0,moderate_damping
plain_vqa,4,50,00000000000000000000,10101000100010111010,10101000100010111010,00000000000000000000,-11.0,4.46,0.55,-0.223,-0.0,-11.0,0.55,11.0,0.0,-0.0,0.0,Budget-matched cumulative optimization on original Hamiltonian.,-13.0,0.65,0,moderate_damping
plain_vqa,5,60,00000000000000000000,10111100011101100101,10111100011101100101,00000000000000000000,-12.0,4.3,0.6,-0.215,-0.0,-12.0,0.6,12.0,0.0,-0.0,0.0,Budget-matched cumulative optimization on original Hamiltonian.,-13.0,0.65,0,moderate_damping
ndar_vqa,0,10,00000000000000000000,11010000101101000101,11010000101101000101,00000000000000000000,-11.0,6.14,0.55,-0.307,-0.0,-11.0,0.55,11.0,0.0,-0.0,0.0,"NDAR outer step: optimize current transformed Hamiltonian, then remap using best sampled bitstring.",-11.0,0.55,0,moderate_damping
ndar_vqa,1,20,11010000101101000101,11110000111000110111,00100000010101110010,11010000101101000101,-9.0,5.96,0.45,-0.298,0.55,-9.0,0.45,9.0,-11.0,0.55,11.0,"NDAR outer step: optimize current transformed Hamiltonian, then remap using best sampled bitstring.",-11.0,0.55,0,moderate_damping
ndar_vqa,2,30,00100000010101110010,10010000100000110010,10110000110101000000,00100000010101110010,-13.0,6.01,0.65,-0.3005,0.45,-13.0,0.65,13.0,-9.0,0.45,9.0,"NDAR outer step: optimize current transformed Hamiltonian, then remap using best sampled bitstring.",-13.0,0.65,0,moderate_damping
ndar_vqa,3,40,10110000110101000000,10110000100000000000,00000000010101000000,10110000110101000000,-11.0,5.2,0.55,-0.26,0.65,-11.0,0.55,11.0,-13.0,0.65,13.0,"NDAR outer step: optimize current transformed Hamiltonian, then remap using best sampled bitstring.",-13.0,0.65,0,moderate_damping
ndar_vqa,4,50,00000000010101000000,11111100001000100101,11111100011101100101,00000000010101000000,-11.0,5.59,0.55,-0.27949999999999997,0.55,-11.0,0.55,11.0,-11.0,0.55,11.0,"NDAR outer step: optimize current transformed Hamiltonian, then remap using best sampled bitstring.",-13.0,0.65,0,moderate_damping
ndar_vqa,5,60,11111100011101100101,01010000000101011010,10101100011000111111,11111100011101100101,-12.0,4.64,0.6,-0.23199999999999998,0.55,-12.0,0.6,12.0,-11.0,0.55,11.0,"NDAR outer step: optimize current transformed Hamiltonian, then remap using best sampled bitstring.",-13.0,0.65,0,moderate_damping
random_search,0,10,00000000000000000000,11000001110010110010,11000001110010110010,00000000000000000000,-13.0,5.53,0.65,-0.2765,-0.0,-13.0,0.65,13.0,0.0,-0.0,0.0,Random-parameter search on original Hamiltonian; keep the best parameter vector found so far.,-13.0,0.65,0,moderate_damping
random_search,1,20,00000000000000000000,10110111101001111111,10110111101001111111,00000000000000000000,-9.0,4.47,0.45,-0.22349999999999998,-0.0,-9.0,0.45,9.0,0.0,-0.0,0.0,Random-parameter search on original Hamiltonian; keep the best parameter vector found so far.,-13.0,0.65,0,moderate_damping
random_search,2,30,00000000000000000000,01101111011010111011,01101111011010111011,00000000000000000000,-14.0,4.64,0.7,-0.23199999999999998,-0.0,-14.0,0.7,14.0,0.0,-0.0,0.0,Random-parameter search on original Hamiltonian; keep the best parameter vector found so far.,-14.0,0.7,0,moderate_damping
random_search,3,40,00000000000000000000,01101111011010111011,01101111011010111011,00000000000000000000,-14.0,4.48,0.7,-0.22400000000000003,-0.0,-14.0,0.7,14.0,0.0,-0.0,0.0,Random-parameter search on original Hamiltonian; keep the best parameter vector found so far.,-14.0,0.7,0,moderate_damping
random_search,4,50,00000000000000000000,01101111011010111011,01101111011010111011,00000000000000000000,-14.0,4.31,0.7,-0.21549999999999997,-0.0,-14.0,0.7,14.0,0.0,-0.0,0.0,Random-parameter search on original Hamiltonian; keep the best parameter vector found so far.,-14.0,0.7,0,moderate_damping
random_search,5,60,00000000000000000000,01101111011010111011,01101111011010111011,00000000000000000000,-14.0,4.36,0.7,-0.21800000000000003,-0.0,-14.0,0.7,14.0,0.0,-0.0,0.0,Random-parameter search on original Hamiltonian; keep the best parameter vector found so far.,-14.0,0.7,0,moderate_damping
ndar_no_opt,0,10,00000000000000000000,00101010010101110011,00101010010101110011,00000000000000000000,-8.0,8.18,0.4,-0.409,-0.0,-8.0,0.4,8.0,0.0,-0.0,0.0,NDAR-style remap loop with fixed circuit parameters and no optimization.,-8.0,0.4,0,moderate_damping
ndar_no_opt,1,20,00101010010101110011,00110000011000110011,00011010001101000000,00101010010101110011,-10.0,6.55,0.5,-0.3275,0.4,-10.0,0.5,10.0,-8.0,0.4,8.0,NDAR-style remap loop with fixed circuit parameters and no optimization.,-10.0,0.5,0,moderate_damping
ndar_no_opt,2,30,00011010001101000000,00110000011000110011,00101010010101110011,00011010001101000000,-8.0,6.15,0.4,-0.3075,0.5,-8.0,0.4,8.0,-10.0,0.5,10.0,NDAR-style remap loop with fixed circuit parameters and no optimization.,-10.0,0.5,0,moderate_damping
ndar_no_opt,3,40,00101010010101110011,00110000011000110011,00011010001101000000,00101010010101110011,-10.0,6.48,0.5,-0.324,0.4,-10.0,0.5,10.0,-8.0,0.4,8.0,NDAR-style remap loop with fixed circuit parameters and no optimization.,-10.0,0.5,0,moderate_damping
ndar_no_opt,4,50,00011010001101000000,00110000011000110011,00101010010101110011,00011010001101000000,-8.0,5.77,0.4,-0.2885,0.5,-8.0,0.4,8.0,-10.0,0.5,10.0,NDAR-style remap loop with fixed circuit parameters and no optimization.,-10.0,0.5,0,moderate_damping
ndar_no_opt,5,60,00101010010101110011,00110000011000110011,00011010001101000000,00101010010101110011,-10.0,6.32,0.5,-0.316,0.4,-10.0,0.5,10.0,-8.0,0.4,8.0,NDAR-style remap loop with fixed circuit parameters and no optimization.,-10.0,0.5,0,moderate_damping
plain_vqa,0,10,00000000000000000000,10011110101101110111,10011110101101110111,00000000000000000000,-6.0,14.45,0.5,-1.2041666666666666,-0.0,-6.0,0.5,6.0,0.0,-0.0,0.0,Budget-matched cumulative optimization on original Hamiltonian.,-6.0,0.5,1,moderate_damping
plain_vqa,1,20,00000000000000000000,10011110101101110111,10011110101101110111,00000000000000000000,-6.0,14.27,0.5,-1.1891666666666667,-0.0,-6.0,0.5,6.0,0.0,-0.0,0.0,Budget-matched cumulative optimization on original Hamiltonian.,-6.0,0.5,1,moderate_damping
plain_vqa,2,30,00000000000000000000,11111110100100010101,11111110100100010101,00000000000000000000,0.0,13.73,-0.0,-1.1441666666666668,-0.0,0.0,-0.0,0.0,0.0,-0.0,0.0,Budget-matched cumulative optimization on original Hamiltonian.,-6.0,0.5,1,moderate_damping
plain_vqa,3,40,00000000000000000000,11100000010110001000,11100000010110001000,00000000000000000000,-1.0,12.68,0.08333333333333333,-1.0566666666666666,-0.0,-1.0,0.08333333333333333,1.0,0.0,-0.0,0.0,Budget-matched cumulative optimization on original Hamiltonian.,-6.0,0.5,1,moderate_damping
plain_vqa,4,50,00000000000000000000,11111110100101010100,11111110100101010100,00000000000000000000,-2.0,12.48,0.16666666666666666,-1.04,-0.0,-2.0,0.16666666666666666,2.0,0.0,-0.0,0.0,Budget-matched cumulative optimization on original Hamiltonian.,-6.0,0.5,1,moderate_damping
plain_vqa,5,60,00000000000000000000,11111110100101010100,11111110100101010100,00000000000000000000,-2.0,12.31,0.16666666666666666,-1.0258333333333334,-0.0,-2.0,0.16666666666666666,2.0,0.0,-0.0,0.0,Budget-matched cumulative optimization on original Hamiltonian.,-6.0,0.5,1,moderate_damping
ndar_vqa,0,10,00000000000000000000,00000000000010010011,00000000000010010011,00000000000000000000,2.0,16.75,-0.16666666666666666,-1.3958333333333333,-0.0,2.0,-0.16666666666666666,-2.0,0.0,-0.0,0.0,"NDAR outer step: optimize current transformed Hamiltonian, then remap using best sampled bitstring.",2.0,-0.16666666666666666,1,moderate_damping
ndar_vqa,1,20,00000000000010010011,00000000000010010011,00000000000000000000,00000000000010010011,0.0,16.48,-0.0,-1.3733333333333333,-0.16666666666666666,0.0,-0.0,0.0,2.0,-0.16666666666666666,-2.0,"NDAR outer step: optimize current transformed Hamiltonian, then remap using best sampled bitstring.",0.0,-0.0,1,moderate_damping
ndar_vqa,2,30,00000000000000000000,10010110000000010111,10010110000000010111,00000000000000000000,2.0,15.08,-0.16666666666666666,-1.2566666666666666,-0.0,2.0,-0.16666666666666666,-2.0,0.0,-0.0,0.0,"NDAR outer step: optimize current transformed Hamiltonian, then remap using best sampled bitstring.",0.0,-0.0,1,moderate_damping
ndar_vqa,3,40,10010110000000010111,10010001001101010000,00000111001101000111,10010110000000010111,3.0,15.66,-0.25,-1.305,-0.16666666666666666,3.0,-0.25,-3.0,2.0,-0.16666666666666666,-2.0,"NDAR outer step: optimize current transformed Hamiltonian, then remap using best sampled bitstring.",0.0,-0.0,1,moderate_damping
ndar_vqa,4,50,00000111001101000111,11010011100110111111,11010100101011111000,00000111001101000111,5.0,18.39,-0.4166666666666667,-1.5325,-0.25,5.0,-0.4166666666666667,-5.0,3.0,-0.25,-3.0,"NDAR outer step: optimize current transformed Hamiltonian, then remap using best sampled bitstring.",0.0,-0.0,1,moderate_damping
ndar_vqa,5,60,11010100101011111000,11010010100110111100,00000110001101000100,11010100101011111000,0.0,17.29,-0.0,-1.4408333333333332,-0.4166666666666667,0.0,-0.0,0.0,5.0,-0.4166666666666667,-5.0,"NDAR outer step: optimize current transformed Hamiltonian, then remap using best sampled bitstring.",0.0,-0.0,1,moderate_damping
random_search,0,10,00000000000000000000,11101000010110011001,11101000010110011001,00000000000000000000,0.0,17.49,-0.0,-1.4574999999999998,-0.0,0.0,-0.0,0.0,0.0,-0.0,0.0,Random-parameter search on original Hamiltonian; keep the best parameter vector found so far.,0.0,-0.0,1,moderate_damping
random_search,1,20,00000000000000000000,11101000010110011001,11101000010110011001,00000000000000000000,0.0,17.52,-0.0,-1.46,-0.0,0.0,-0.0,0.0,0.0,-0.0,0.0,Random-parameter search on original Hamiltonian; keep the best parameter vector found so far.,0.0,-0.0,1,moderate_damping
random_search,2,30,00000000000000000000,11101000010110011001,11101000010110011001,00000000000000000000,0.0,17.37,-0.0,-1.4475,-0.0,0.0,-0.0,0.0,0.0,-0.0,0.0,Random-parameter search on original Hamiltonian; keep the best parameter vector found so far.,0.0,-0.0,1,moderate_damping
random_search,3,40,00000000000000000000,00000100011001100110,00000100011001100110,00000000000000000000,1.0,15.63,-0.08333333333333333,-1.3025,-0.0,1.0,-0.08333333333333333,-1.0,0.0,-0.0,0.0,Random-parameter search on original Hamiltonian; keep the best parameter vector found so far.,0.0,-0.0,1,moderate_damping
random_search,4,50,00000000000000000000,00000100011001100110,00000100011001100110,00000000000000000000,1.0,15.5,-0.08333333333333333,-1.2916666666666667,-0.0,1.0,-0.08333333333333333,-1.0,0.0,-0.0,0.0,Random-parameter search on original Hamiltonian; keep the best parameter vector found so far.,0.0,-0.0,1,moderate_damping
random_search,5,60,00000000000000000000,00000100011001100110,00000100011001100110,00000000000000000000,1.0,15.65,-0.08333333333333333,-1.3041666666666667,-0.0,1.0,-0.08333333333333333,-1.0,0.0,-0.0,0.0,Random-parameter search on original Hamiltonian; keep the best parameter vector found so far.,0.0,-0.0,1,moderate_damping
ndar_no_opt,0,10,00000000000000000000,11100000010110011001,11100000010110011001,00000000000000000000,-1.0,16.21,0.08333333333333333,-1.3508333333333333,-0.0,-1.0,0.08333333333333333,1.0,0.0,-0.0,0.0,NDAR-style remap loop with fixed circuit parameters and no optimization.,-1.0,0.08333333333333333,1,moderate_damping
ndar_no_opt,1,20,11100000010110011001,11100001011110011000,00000001001000000001,11100000010110011001,-1.0,16.69,0.08333333333333333,-1.3908333333333334,0.08333333333333333,-1.0,0.08333333333333333,1.0,-1.0,0.08333333333333333,1.0,NDAR-style remap loop with fixed circuit parameters and no optimization.,-1.0,0.08333333333333333,1,moderate_damping
ndar_no_opt,2,30,00000001001000000001,11111110011101110111,11111111010101110110,00000001001000000001,-7.0,15.65,0.5833333333333334,-1.3041666666666667,0.08333333333333333,-7.0,0.5833333333333334,7.0,-1.0,0.08333333333333333,1.0,NDAR-style remap loop with fixed circuit parameters and no optimization.,-7.0,0.5833333333333334,1,moderate_damping
ndar_no_opt,3,40,11111111010101110110,11111110011101110111,00000001001000000001,11111111010101110110,-1.0,18.89,0.08333333333333333,-1.5741666666666667,0.5833333333333334,-1.0,0.08333333333333333,1.0,-7.0,0.5833333333333334,7.0,NDAR-style remap loop with fixed circuit parameters and no optimization.,-7.0,0.5833333333333334,1,moderate_damping
ndar_no_opt,4,50,00000001001000000001,11111110011101110111,11111111010101110110,00000001001000000001,-7.0,15.83,0.5833333333333334,-1.3191666666666666,0.08333333333333333,-7.0,0.5833333333333334,7.0,-1.0,0.08333333333333333,1.0,NDAR-style remap loop with fixed circuit parameters and no optimization.,-7.0,0.5833333333333334,1,moderate_damping
ndar_no_opt,5,60,11111111010101110110,11111110011101110111,00000001001000000001,11111111010101110110,-1.0,18.84,0.08333333333333333,-1.57,0.5833333333333334,-1.0,0.08333333333333333,1.0,-7.0,0.5833333333333334,7.0,NDAR-style remap loop with fixed circuit parameters and no optimization.,-7.0,0.5833333333333334,1,moderate_damping
plain_vqa,0,10,00000000000000000000,11110100011000101000,11110100011000101000,00000000000000000000,-29.0,-5.95,0.7435897435897436,0.15256410256410258,-0.0,-29.0,0.7435897435897436,29.0,0.0,-0.0,0.0,Budget-matched cumulative optimization on original Hamiltonian.,-29.0,0.7435897435897436,2,moderate_damping
plain_vqa,1,20,00000000000000000000,01000011110111100011,01000011110111100011,00000000000000000000,-25.0,-7.15,0.6410256410256411,0.18333333333333335,-0.0,-25.0,0.6410256410256411,25.0,0.0,-0.0,0.0,Budget-matched cumulative optimization on original Hamiltonian.,-29.0,0.7435897435897436,2,moderate_damping
plain_vqa,2,30,00000000000000000000,11001111101001100010,11001111101001100010,00000000000000000000,-23.0,-7.23,0.5897435897435898,0.1853846153846154,-0.0,-23.0,0.5897435897435898,23.0,0.0,-0.0,0.0,Budget-matched cumulative optimization on original Hamiltonian.,-29.0,0.7435897435897436,2,moderate_damping
plain_vqa,3,40,00000000000000000000,11101101110101110011,11101101110101110011,00000000000000000000,-24.0,-7.78,0.6153846153846154,0.1994871794871795,-0.0,-24.0,0.6153846153846154,24.0,0.0,-0.0,0.0,Budget-matched cumulative optimization on original Hamiltonian.,-29.0,0.7435897435897436,2,moderate_damping
plain_vqa,4,50,00000000000000000000,11001101110101110011,11001101110101110011,00000000000000000000,-29.0,-7.67,0.7435897435897436,0.19666666666666666,-0.0,-29.0,0.7435897435897436,29.0,0.0,-0.0,0.0,Budget-matched cumulative optimization on original Hamiltonian.,-29.0,0.7435897435897436,2,moderate_damping
plain_vqa,5,60,00000000000000000000,11001010110101100000,11001010110101100000,00000000000000000000,-23.0,-10.06,0.5897435897435898,0.257948717948718,-0.0,-23.0,0.5897435897435898,23.0,0.0,-0.0,0.0,Budget-matched cumulative optimization on original Hamiltonian.,-29.0,0.7435897435897436,2,moderate_damping
ndar_vqa,0,10,00000000000000000000,11001011111001100011,11001011111001100011,00000000000000000000,-20.0,-7.8,0.5128205128205128,0.19999999999999998,-0.0,-20.0,0.5128205128205128,20.0,0.0,-0.0,0.0,"NDAR outer step: optimize current transformed Hamiltonian, then remap using best sampled bitstring.",-20.0,0.5128205128205128,2,moderate_damping
ndar_vqa,1,20,11001011111001100011,00100111011101010011,11101100100100110000,11001011111001100011,-25.0,-4.81,0.6410256410256411,0.12333333333333332,0.5128205128205128,-25.0,0.6410256410256411,25.0,-20.0,0.5128205128205128,20.0,"NDAR outer step: optimize current transformed Hamiltonian, then remap using best sampled bitstring.",-25.0,0.6410256410256411,2,moderate_damping
ndar_vqa,2,30,11101100100100110000,01100111100011010011,10001011000111100011,11101100100100110000,-24.0,-7.66,0.6153846153846154,0.19641025641025642,0.6410256410256411,-24.0,0.6153846153846154,24.0,-25.0,0.6410256410256411,25.0,"NDAR outer step: optimize current transformed Hamiltonian, then remap using best sampled bitstring.",-25.0,0.6410256410256411,2,moderate_damping
ndar_vqa,3,40,10001011000111100011,01101111111111110001,11100100111000010010,10001011000111100011,-27.0,-8.05,0.6923076923076923,0.20641025641025643,0.6153846153846154,-27.0,0.6923076923076923,27.0,-24.0,0.6153846153846154,24.0,"NDAR outer step: optimize current transformed Hamiltonian, then remap using best sampled bitstring.",-27.0,0.6923076923076923,2,moderate_damping
ndar_vqa,4,50,11100100111000010010,11101111010110000011,00001011101110010001,11100100111000010010,-23.0,-7.12,0.5897435897435898,0.18256410256410258,0.6923076923076923,-23.0,0.5897435897435898,23.0,-27.0,0.6923076923076923,27.0,"NDAR outer step: optimize current transformed Hamiltonian, then remap using best sampled bitstring.",-27.0,0.6923076923076923,2,moderate_damping
ndar_vqa,5,60,00001011101110010001,11000011111110110001,11001000010000100000,00001011101110010001,-23.0,-7.88,0.5897435897435898,0.20205128205128206,0.5897435897435898,-23.0,0.5897435897435898,23.0,-23.0,0.5897435897435898,23.0,"NDAR outer step: optimize current transformed Hamiltonian, then remap using best sampled bitstring.",-27.0,0.6923076923076923,2,moderate_damping
random_search,0,10,00000000000000000000,10111100011000011011,10111100011000011011,00000000000000000000,-21.0,-6.87,0.5384615384615384,0.17615384615384616,-0.0,-21.0,0.5384615384615384,21.0,0.0,-0.0,0.0,Random-parameter search on original Hamiltonian; keep the best parameter vector found so far.,-21.0,0.5384615384615384,2,moderate_damping
random_search,1,20,00000000000000000000,10111100011000011011,10111100011000011011,00000000000000000000,-21.0,-6.86,0.5384615384615384,0.1758974358974359,-0.0,-21.0,0.5384615384615384,21.0,0.0,-0.0,0.0,Random-parameter search on original Hamiltonian; keep the best parameter vector found so far.,-21.0,0.5384615384615384,2,moderate_damping
random_search,2,30,00000000000000000000,10111100011000011011,10111100011000011011,00000000000000000000,-21.0,-7.03,0.5384615384615384,0.18025641025641026,-0.0,-21.0,0.5384615384615384,21.0,0.0,-0.0,0.0,Random-parameter search on original Hamiltonian; keep the best parameter vector found so far.,-21.0,0.5384615384615384,2,moderate_damping
random_search,3,40,00000000000000000000,10100100010000010100,10100100010000010100,00000000000000000000,-26.0,-6.79,0.6666666666666666,0.1741025641025641,-0.0,-26.0,0.6666666666666666,26.0,0.0,-0.0,0.0,Random-parameter search on original Hamiltonian; keep the best parameter vector found so far.,-26.0,0.6666666666666666,2,moderate_damping
random_search,4,50,00000000000000000000,10100100010000010100,10100100010000010100,00000000000000000000,-26.0,-6.89,0.6666666666666666,0.17666666666666667,-0.0,-26.0,0.6666666666666666,26.0,0.0,-0.0,0.0,Random-parameter search on original Hamiltonian; keep the best parameter vector found so far.,-26.0,0.6666666666666666,2,moderate_damping
random_search,5,60,00000000000000000000,10100100010000010100,10100100010000010100,00000000000000000000,-26.0,-6.95,0.6666666666666666,0.1782051282051282,-0.0,-26.0,0.6666666666666666,26.0,0.0,-0.0,0.0,Random-parameter search on original Hamiltonian; keep the best parameter vector found so far.,-26.0,0.6666666666666666,2,moderate_damping
ndar_no_opt,0,10,00000000000000000000,11001001011101111110,11001001011101111110,00000000000000000000,-19.0,-4.73,0.48717948717948717,0.12128205128205129,-0.0,-19.0,0.48717948717948717,19.0,0.0,-0.0,0.0,NDAR-style remap loop with fixed circuit parameters and no optimization.,-19.0,0.48717948717948717,2,moderate_damping
ndar_no_opt,1,20,11001001011101111110,10001110000111110100,01000111011010001010,11001001011101111110,-17.0,-4.34,0.4358974358974359,0.11128205128205128,0.48717948717948717,-17.0,0.4358974358974359,17.0,-19.0,0.48717948717948717,19.0,NDAR-style remap loop with fixed circuit parameters and no optimization.,-19.0,0.48717948717948717,2,moderate_damping
ndar_no_opt,2,30,01000111011010001010,10101011000010011001,11101100011000010011,01000111011010001010,-26.0,-6.05,0.6666666666666666,0.15512820512820513,0.4358974358974359,-26.0,0.6666666666666666,26.0,-17.0,0.4358974358974359,17.0,NDAR-style remap loop with fixed circuit parameters and no optimization.,-26.0,0.6666666666666666,2,moderate_damping
ndar_no_opt,3,40,11101100011000010011,00000100000001111101,11101000011001101110,11101100011000010011,-23.0,-6.51,0.5897435897435898,0.16692307692307692,0.6666666666666666,-23.0,0.5897435897435898,23.0,-26.0,0.6666666666666666,26.0,NDAR-style remap loop with fixed circuit parameters and no optimization.,-26.0,0.6666666666666666,2,moderate_damping
ndar_no_opt,4,50,11101000011001101110,00000100000001111101,11101100011000010011,11101000011001101110,-26.0,-6.62,0.6666666666666666,0.16974358974358975,0.5897435897435898,-26.0,0.6666666666666666,26.0,-23.0,0.5897435897435898,23.0,NDAR-style remap loop with fixed circuit parameters and no optimization.,-26.0,0.6666666666666666,2,moderate_damping
ndar_no_opt,5,60,11101100011000010011,00000100000001111101,11101000011001101110,11101100011000010011,-23.0,-6.5,0.5897435897435898,0.16666666666666666,0.6666666666666666,-23.0,0.5897435897435898,23.0,-26.0,0.6666666666666666,26.0,NDAR-style remap loop with fixed circuit parameters and no optimization.,-26.0,0.6666666666666666,2,moderate_damping
plain_vqa,0,10,00000000000000000000,11111001101100000100,11111001101100000100,00000000000000000000,-24.0,-9.91,0.5714285714285714,0.23595238095238097,-0.0,-24.0,0.5714285714285714,24.0,0.0,-0.0,0.0,Budget-matched cumulative optimization on original Hamiltonian.,-24.0,0.5714285714285714,3,moderate_damping
plain_vqa,1,20,00000000000000000000,11111101101011000001,11111101101011000001,00000000000000000000,-30.0,-9.88,0.7142857142857143,0.23523809523809525,-0.0,-30.0,0.7142857142857143,30.0,0.0,-0.0,0.0,Budget-matched cumulative optimization on original Hamiltonian.,-30.0,0.7142857142857143,3,moderate_damping
plain_vqa,2,30,00000000000000000000,11001001010110110101,11001001010110110101,00000000000000000000,-35.0,-10.32,0.8333333333333334,0.24571428571428572,-0.0,-35.0,0.8333333333333334,35.0,0.0,-0.0,0.0,Budget-matched cumulative optimization on original Hamiltonian.,-35.0,0.8333333333333334,3,moderate_damping
plain_vqa,3,40,00000000000000000000,00111101101011000010,00111101101011000010,00000000000000000000,-28.0,-11.0,0.6666666666666666,0.2619047619047619,-0.0,-28.0,0.6666666666666666,28.0,0.0,-0.0,0.0,Budget-matched cumulative optimization on original Hamiltonian.,-35.0,0.8333333333333334,3,moderate_damping
plain_vqa,4,50,00000000000000000000,00111101101011000010,00111101101011000010,00000000000000000000,-28.0,-10.99,0.6666666666666666,0.26166666666666666,-0.0,-28.0,0.6666666666666666,28.0,0.0,-0.0,0.0,Budget-matched cumulative optimization on original Hamiltonian.,-35.0,0.8333333333333334,3,moderate_damping
plain_vqa,5,60,00000000000000000000,10011001010110110111,10011001010110110111,00000000000000000000,-28.0,-11.16,0.6666666666666666,0.26571428571428574,-0.0,-28.0,0.6666666666666666,28.0,0.0,-0.0,0.0,Budget-matched cumulative optimization on original Hamiltonian.,-35.0,0.8333333333333334,3,moderate_damping
ndar_vqa,0,10,00000000000000000000,11001100010110110111,11001100010110110111,00000000000000000000,-30.0,-9.46,0.7142857142857143,0.22523809523809527,-0.0,-30.0,0.7142857142857143,30.0,0.0,-0.0,0.0,"NDAR outer step: optimize current transformed Hamiltonian, then remap using best sampled bitstring.",-30.0,0.7142857142857143,3,moderate_damping
ndar_vqa,1,20,11001100010110110111,11001010111010111100,00000110101100001011,11001100010110110111,-22.0,-8.39,0.5238095238095238,0.19976190476190478,0.7142857142857143,-22.0,0.5238095238095238,22.0,-30.0,0.7142857142857143,30.0,"NDAR outer step: optimize current transformed Hamiltonian, then remap using best sampled bitstring.",-30.0,0.7142857142857143,3,moderate_damping
ndar_vqa,2,30,00000110101100001011,11110111111000101100,11110001010100100111,00000110101100001011,-23.0,-7.7,0.5476190476190477,0.18333333333333335,0.5238095238095238,-23.0,0.5476190476190477,23.0,-22.0,0.5238095238095238,22.0,"NDAR outer step: optimize current transformed Hamiltonian, then remap using best sampled bitstring.",-30.0,0.7142857142857143,3,moderate_damping
ndar_vqa,3,40,11110001010100100111,01110010000000011000,10000011010100111111,11110001010100100111,-39.0,-8.44,0.9285714285714286,0.20095238095238094,0.5476190476190477,-39.0,0.9285714285714286,39.0,-23.0,0.5476190476190477,23.0,"NDAR outer step: optimize current transformed Hamiltonian, then remap using best sampled bitstring.",-39.0,0.9285714285714286,3,moderate_damping
ndar_vqa,4,50,10000011010100111111,10001101000000000100,00001110010100111011,10000011010100111111,-28.0,-8.22,0.6666666666666666,0.19571428571428573,0.9285714285714286,-28.0,0.6666666666666666,28.0,-39.0,0.9285714285714286,39.0,"NDAR outer step: optimize current transformed Hamiltonian, then remap using best sampled bitstring.",-39.0,0.9285714285714286,3,moderate_damping
ndar_vqa,5,60,00001110010100111011,10011101000000000100,10010011010100111111,00001110010100111011,-30.0,-9.16,0.7142857142857143,0.2180952380952381,0.6666666666666666,-30.0,0.7142857142857143,30.0,-28.0,0.6666666666666666,28.0,"NDAR outer step: optimize current transformed Hamiltonian, then remap using best sampled bitstring.",-39.0,0.9285714285714286,3,moderate_damping
random_search,0,10,00000000000000000000,01110110101001000001,01110110101001000001,00000000000000000000,-25.0,-9.65,0.5952380952380952,0.22976190476190478,-0.0,-25.0,0.5952380952380952,25.0,0.0,-0.0,0.0,Random-parameter search on original Hamiltonian; keep the best parameter vector found so far.,-25.0,0.5952380952380952,3,moderate_damping
random_search,1,20,00000000000000000000,00100001010110110111,00100001010110110111,00000000000000000000,-32.0,-10.44,0.7619047619047619,0.24857142857142855,-0.0,-32.0,0.7619047619047619,32.0,0.0,-0.0,0.0,Random-parameter search on original Hamiltonian; keep the best parameter vector found so far.,-32.0,0.7619047619047619,3,moderate_damping
random_search,2,30,00000000000000000000,00100001010110110111,00100001010110110111,00000000000000000000,-32.0,-10.49,0.7619047619047619,0.24976190476190477,-0.0,-32.0,0.7619047619047619,32.0,0.0,-0.0,0.0,Random-parameter search on original Hamiltonian; keep the best parameter vector found so far.,-32.0,0.7619047619047619,3,moderate_damping
random_search,3,40,00000000000000000000,00111110101111001010,00111110101111001010,00000000000000000000,-26.0,-8.62,0.6190476190476191,0.20523809523809522,-0.0,-26.0,0.6190476190476191,26.0,0.0,-0.0,0.0,Random-parameter search on original Hamiltonian; keep the best parameter vector found so far.,-32.0,0.7619047619047619,3,moderate_damping
random_search,4,50,00000000000000000000,00001110101011001000,00001110101011001000,00000000000000000000,-26.0,-8.49,0.6190476190476191,0.20214285714285715,-0.0,-26.0,0.6190476190476191,26.0,0.0,-0.0,0.0,Random-parameter search on original Hamiltonian; keep the best parameter vector found so far.,-32.0,0.7619047619047619,3,moderate_damping
random_search,5,60,00000000000000000000,00001110101011001000,00001110101011001000,00000000000000000000,-26.0,-8.43,0.6190476190476191,0.2007142857142857,-0.0,-26.0,0.6190476190476191,26.0,0.0,-0.0,0.0,Random-parameter search on original Hamiltonian; keep the best parameter vector found so far.,-32.0,0.7619047619047619,3,moderate_damping
ndar_no_opt,0,10,00000000000000000000,10001010000100110101,10001010000100110101,00000000000000000000,-26.0,-6.6,0.6190476190476191,0.15714285714285714,-0.0,-26.0,0.6190476190476191,26.0,0.0,-0.0,0.0,NDAR-style remap loop with fixed circuit parameters and no optimization.,-26.0,0.6190476190476191,3,moderate_damping
ndar_no_opt,1,20,10001010000100110101,11111011101110011100,01110001101010101001,10001010000100110101,-24.0,-6.96,0.5714285714285714,0.1657142857142857,0.6190476190476191,-24.0,0.5714285714285714,24.0,-26.0,0.6190476190476191,26.0,NDAR-style remap loop with fixed circuit parameters and no optimization.,-26.0,0.6190476190476191,3,moderate_damping
ndar_no_opt,2,30,01110001101010101001,10101101000110101001,11011100101100000000,01110001101010101001,-26.0,-7.25,0.6190476190476191,0.17261904761904762,0.5714285714285714,-26.0,0.6190476190476191,26.0,-24.0,0.5714285714285714,24.0,NDAR-style remap loop with fixed circuit parameters and no optimization.,-26.0,0.6190476190476191,3,moderate_damping
ndar_no_opt,3,40,11011100101100000000,11111011001111101011,00100111100011101011,11011100101100000000,-25.0,-8.71,0.5952380952380952,0.2073809523809524,0.6190476190476191,-25.0,0.5952380952380952,25.0,-26.0,0.6190476190476191,26.0,NDAR-style remap loop with fixed circuit parameters and no optimization.,-26.0,0.6190476190476191,3,moderate_damping
ndar_no_opt,4,50,00100111100011101011,10010111001000101011,10110000101011000000,00100111100011101011,-29.0,-8.19,0.6904761904761905,0.19499999999999998,0.5952380952380952,-29.0,0.6904761904761905,29.0,-25.0,0.5952380952380952,25.0,NDAR-style remap loop with fixed circuit parameters and no optimization.,-29.0,0.6904761904761905,3,moderate_damping
ndar_no_opt,5,60,10110000101011000000,10011011111001111100,00101011010010111100,10110000101011000000,-26.0,-8.42,0.6190476190476191,0.20047619047619047,0.6904761904761905,-26.0,0.6190476190476191,26.0,-29.0,0.6904761904761905,29.0,NDAR-style remap loop with fixed circuit parameters and no optimization.,-29.0,0.6904761904761905,3,moderate_damping
plain_vqa,0,10,00000000000000000000,11000101001011010111,11000101001011010111,00000000000000000000,-15.0,-0.67,0.5172413793103449,0.02310344827586207,-0.0,-15.0,0.5172413793103449,15.0,0.0,-0.0,0.0,Budget-matched cumulative optimization on original Hamiltonian.,-15.0,0.5172413793103449,4,moderate_damping
plain_vqa,1,20,00000000000000000000,00000110100011011000,00000110100011011000,00000000000000000000,-17.0,-1.29,0.5862068965517241,0.04448275862068966,-0.0,-17.0,0.5862068965517241,17.0,0.0,-0.0,0.0,Budget-matched cumulative optimization on original Hamiltonian.,-17.0,0.5862068965517241,4,moderate_damping
plain_vqa,2,30,00000000000000000000,11010000001111110111,11010000001111110111,00000000000000000000,-26.0,-1.14,0.896551724137931,0.039310344827586205,-0.0,-26.0,0.896551724137931,26.0,0.0,-0.0,0.0,Budget-matched cumulative optimization on original Hamiltonian.,-26.0,0.896551724137931,4,moderate_damping
plain_vqa,3,40,00000000000000000000,01110000010000000110,01110000010000000110,00000000000000000000,-18.0,-2.21,0.6206896551724138,0.07620689655172413,-0.0,-18.0,0.6206896551724138,18.0,0.0,-0.0,0.0,Budget-matched cumulative optimization on original Hamiltonian.,-26.0,0.896551724137931,4,moderate_damping
plain_vqa,4,50,00000000000000000000,00000011111111000111,00000011111111000111,00000000000000000000,-17.0,-3.3,0.5862068965517241,0.11379310344827585,-0.0,-17.0,0.5862068965517241,17.0,0.0,-0.0,0.0,Budget-matched cumulative optimization on original Hamiltonian.,-26.0,0.896551724137931,4,moderate_damping
plain_vqa,5,60,00000000000000000000,00000011111111000111,00000011111111000111,00000000000000000000,-17.0,-3.21,0.5862068965517241,0.11068965517241379,-0.0,-17.0,0.5862068965517241,17.0,0.0,-0.0,0.0,Budget-matched cumulative optimization on original Hamiltonian.,-26.0,0.896551724137931,4,moderate_damping
ndar_vqa,0,10,00000000000000000000,00100000001110111111,00100000001110111111,00000000000000000000,-12.0,0.28,0.41379310344827586,-0.009655172413793104,-0.0,-12.0,0.41379310344827586,12.0,0.0,-0.0,0.0,"NDAR outer step: optimize current transformed Hamiltonian, then remap using best sampled bitstring.",-12.0,0.41379310344827586,4,moderate_damping
ndar_vqa,1,20,00100000001110111111,00001111001110100111,00101111000000011000,00100000001110111111,-17.0,-0.61,0.5862068965517241,0.02103448275862069,0.41379310344827586,-17.0,0.5862068965517241,17.0,-12.0,0.41379310344827586,12.0,"NDAR outer step: optimize current transformed Hamiltonian, then remap using best sampled bitstring.",-17.0,0.5862068965517241,4,moderate_damping
ndar_vqa,2,30,00101111000000011000,00010111011110011110,00111000011110000110,00101111000000011000,-17.0,-0.96,0.5862068965517241,0.03310344827586207,0.5862068965517241,-17.0,0.5862068965517241,17.0,-17.0,0.5862068965517241,17.0,"NDAR outer step: optimize current transformed Hamiltonian, then remap using best sampled bitstring.",-17.0,0.5862068965517241,4,moderate_damping
ndar_vqa,3,40,00111000011110000110,00000000000100100000,00111000011010100110,00111000011110000110,-23.0,-0.21,0.7931034482758621,0.007241379310344827,0.5862068965517241,-23.0,0.7931034482758621,23.0,-17.0,0.5862068965517241,17.0,"NDAR outer step: optimize current transformed Hamiltonian, then remap using best sampled bitstring.",-23.0,0.7931034482758621,4,moderate_damping
ndar_vqa,4,50,00111000011010100110,10100111010111100111,10011111001101000001,00111000011010100110,-18.0,-2.33,0.6206896551724138,0.0803448275862069,0.7931034482758621,-18.0,0.6206896551724138,18.0,-23.0,0.7931034482758621,23.0,"NDAR outer step: optimize current transformed Hamiltonian, then remap using best sampled bitstring.",-23.0,0.7931034482758621,4,moderate_damping
ndar_vqa,5,60,10011111001101000001,10100111010111100111,00111000011010100110,10011111001101000001,-23.0,-0.43,0.7931034482758621,0.014827586206896552,0.6206896551724138,-23.0,0.7931034482758621,23.0,-18.0,0.6206896551724138,18.0,"NDAR outer step: optimize current transformed Hamiltonian, then remap using best sampled bitstring.",-23.0,0.7931034482758621,4,moderate_damping
random_search,0,10,00000000000000000000,11111000010100100110,11111000010100100110,00000000000000000000,-22.0,-1.68,0.7586206896551724,0.05793103448275862,-0.0,-22.0,0.7586206896551724,22.0,0.0,-0.0,0.0,Random-parameter search on original Hamiltonian; keep the best parameter vector found so far.,-22.0,0.7586206896551724,4,moderate_damping
random_search,1,20,00000000000000000000,11111000010100100110,11111000010100100110,00000000000000000000,-22.0,-1.65,0.7586206896551724,0.05689655172413793,-0.0,-22.0,0.7586206896551724,22.0,0.0,-0.0,0.0,Random-parameter search on original Hamiltonian; keep the best parameter vector found so far.,-22.0,0.7586206896551724,4,moderate_damping
random_search,2,30,00000000000000000000,11111000010100100110,11111000010100100110,00000000000000000000,-22.0,-1.65,0.7586206896551724,0.05689655172413793,-0.0,-22.0,0.7586206896551724,22.0,0.0,-0.0,0.0,Random-parameter search on original Hamiltonian; keep the best parameter vector found so far.,-22.0,0.7586206896551724,4,moderate_damping
random_search,3,40,00000000000000000000,10011000011111110110,10011000011111110110,00000000000000000000,-20.0,-1.09,0.6896551724137931,0.037586206896551726,-0.0,-20.0,0.6896551724137931,20.0,0.0,-0.0,0.0,Random-parameter search on original Hamiltonian; keep the best parameter vector found so far.,-22.0,0.7586206896551724,4,moderate_damping
random_search,4,50,00000000000000000000,10011000011111110110,10011000011111110110,00000000000000000000,-20.0,-1.1,0.6896551724137931,0.03793103448275863,-0.0,-20.0,0.6896551724137931,20.0,0.0,-0.0,0.0,Random-parameter search on original Hamiltonian; keep the best parameter vector found so far.,-22.0,0.7586206896551724,4,moderate_damping
random_search,5,60,00000000000000000000,11111000101111100111,11111000101111100111,00000000000000000000,-20.0,-1.64,0.6896551724137931,0.05655172413793103,-0.0,-20.0,0.6896551724137931,20.0,0.0,-0.0,0.0,Random-parameter search on original Hamiltonian; keep the best parameter vector found so far.,-22.0,0.7586206896551724,4,moderate_damping
ndar_no_opt,0,10,00000000000000000000,01110000001110100110,01110000001110100110,00000000000000000000,-15.0,-0.07,0.5172413793103449,0.002413793103448276,-0.0,-15.0,0.5172413793103449,15.0,0.0,-0.0,0.0,NDAR-style remap loop with fixed circuit parameters and no optimization.,-15.0,0.5172413793103449,4,moderate_damping
ndar_no_opt,1,20,01110000001110100110,10100101001010100101,11010101000100000011,01110000001110100110,-14.0,1.27,0.4827586206896552,-0.04379310344827586,0.5172413793103449,-14.0,0.4827586206896552,14.0,-15.0,0.5172413793103449,15.0,NDAR-style remap loop with fixed circuit parameters and no optimization.,-15.0,0.5172413793103449,4,moderate_damping
ndar_no_opt,2,30,11010101000100000011,00110010101111101010,11100111101011101001,11010101000100000011,-19.0,-0.05,0.6551724137931034,0.001724137931034483,0.4827586206896552,-19.0,0.6551724137931034,19.0,-14.0,0.4827586206896552,14.0,NDAR-style remap loop with fixed circuit parameters and no optimization.,-19.0,0.6551724137931034,4,moderate_damping
ndar_no_opt,3,40,11100111101011101001,10100000001110101001,01000111100101000000,11100111101011101001,-19.0,-1.02,0.6551724137931034,0.03517241379310345,0.6551724137931034,-19.0,0.6551724137931034,19.0,-19.0,0.6551724137931034,19.0,NDAR-style remap loop with fixed circuit parameters and no optimization.,-19.0,0.6551724137931034,4,moderate_damping
ndar_no_opt,4,50,01000111100101000000,10100000001110101001,11100111101011101001,01000111100101000000,-19.0,-0.19,0.6551724137931034,0.006551724137931035,0.6551724137931034,-19.0,0.6551724137931034,19.0,-19.0,0.6551724137931034,19.0,NDAR-style remap loop with fixed circuit parameters and no optimization.,-19.0,0.6551724137931034,4,moderate_damping
ndar_no_opt,5,60,11100111101011101001,10100000001110101001,01000111100101000000,11100111101011101001,-19.0,-1.01,0.6551724137931034,0.03482758620689655,0.6551724137931034,-19.0,0.6551724137931034,19.0,-19.0,0.6551724137931034,19.0,NDAR-style remap loop with fixed circuit parameters and no optimization.,-19.0,0.6551724137931034,4,moderate_damping
plain_vqa,0,10,00000000000000000000,10101111001101001101,10101111001101001101,00000000000000000000,-6.0,12.99,0.4,-0.866,-0.0,-6.0,0.4,6.0,0.0,-0.0,0.0,Budget-matched cumulative optimization on original Hamiltonian.,-6.0,0.4,5,moderate_damping
plain_vqa,1,20,00000000000000000000,01111010011101000010,01111010011101000010,00000000000000000000,-2.0,12.46,0.13333333333333333,-0.8306666666666668,-0.0,-2.0,0.13333333333333333,2.0,0.0,-0.0,0.0,Budget-matched cumulative optimization on original Hamiltonian.,-6.0,0.4,5,moderate_damping
plain_vqa,2,30,00000000000000000000,01101100011111101011,01101100011111101011,00000000000000000000,-1.0,12.04,0.06666666666666667,-0.8026666666666666,-0.0,-1.0,0.06666666666666667,1.0,0.0,-0.0,0.0,Budget-matched cumulative optimization on original Hamiltonian.,-6.0,0.4,5,moderate_damping
plain_vqa,3,40,00000000000000000000,01101100011111101011,01101100011111101011,00000000000000000000,-1.0,12.06,0.06666666666666667,-0.804,-0.0,-1.0,0.06666666666666667,1.0,0.0,-0.0,0.0,Budget-matched cumulative optimization on original Hamiltonian.,-6.0,0.4,5,moderate_damping
plain_vqa,4,50,00000000000000000000,01101100011111101011,01101100011111101011,00000000000000000000,-1.0,12.21,0.06666666666666667,-0.8140000000000001,-0.0,-1.0,0.06666666666666667,1.0,0.0,-0.0,0.0,Budget-matched cumulative optimization on original Hamiltonian.,-6.0,0.4,5,moderate_damping
plain_vqa,5,60,00000000000000000000,00101100101100101001,00101100101100101001,00000000000000000000,-7.0,12.53,0.4666666666666667,-0.8353333333333333,-0.0,-7.0,0.4666666666666667,7.0,0.0,-0.0,0.0,Budget-matched cumulative optimization on original Hamiltonian.,-7.0,0.4666666666666667,5,moderate_damping
ndar_vqa,0,10,00000000000000000000,11010000110010010110,11010000110010010110,00000000000000000000,-13.0,14.24,0.8666666666666667,-0.9493333333333334,-0.0,-13.0,0.8666666666666667,13.0,0.0,-0.0,0.0,"NDAR outer step: optimize current transformed Hamiltonian, then remap using best sampled bitstring.",-13.0,0.8666666666666667,5,moderate_damping
ndar_vqa,1,20,11010000110010010110,10100010101100001000,01110010011110011110,11010000110010010110,-2.0,12.02,0.13333333333333333,-0.8013333333333333,0.8666666666666667,-2.0,0.13333333333333333,2.0,-13.0,0.8666666666666667,13.0,"NDAR outer step: optimize current transformed Hamiltonian, then remap using best sampled bitstring.",-13.0,0.8666666666666667,5,moderate_damping
ndar_vqa,2,30,01110010011110011110,10100010101101001000,11010000110011010110,01110010011110011110,-12.0,13.35,0.8,-0.89,0.13333333333333333,-12.0,0.8,12.0,-2.0,0.13333333333333333,2.0,"NDAR outer step: optimize current transformed Hamiltonian, then remap using best sampled bitstring.",-13.0,0.8666666666666667,5,moderate_damping
ndar_vqa,3,40,11010000110011010110,00100011101101001000,11110011011110011110,11010000110011010110,-6.0,14.01,0.4,-0.9339999999999999,0.8,-6.0,0.4,6.0,-12.0,0.8,12.0,"NDAR outer step: optimize current transformed Hamiltonian, then remap using best sampled bitstring.",-13.0,0.8666666666666667,5,moderate_damping
ndar_vqa,4,50,11110011011110011110,11100011101100011110,00010000110010000000,11110011011110011110,-4.0,13.86,0.26666666666666666,-0.9239999999999999,0.4,-4.0,0.26666666666666666,4.0,-6.0,0.4,6.0,"NDAR outer step: optimize current transformed Hamiltonian, then remap using best sampled bitstring.",-13.0,0.8666666666666667,5,moderate_damping
ndar_vqa,5,60,00010000110010000000,01100110101101011110,01110110011111011110,00010000110010000000,-4.0,11.21,0.26666666666666666,-0.7473333333333334,0.26666666666666666,-4.0,0.26666666666666666,4.0,-4.0,0.26666666666666666,4.0,"NDAR outer step: optimize current transformed Hamiltonian, then remap using best sampled bitstring.",-13.0,0.8666666666666667,5,moderate_damping
random_search,0,10,00000000000000000000,00011000100011100000,00011000100011100000,00000000000000000000,-4.0,12.64,0.26666666666666666,-0.8426666666666667,-0.0,-4.0,0.26666666666666666,4.0,0.0,-0.0,0.0,Random-parameter search on original Hamiltonian; keep the best parameter vector found so far.,-4.0,0.26666666666666666,5,moderate_damping
random_search,1,20,00000000000000000000,00011000100011100000,00011000100011100000,00000000000000000000,-4.0,12.69,0.26666666666666666,-0.846,-0.0,-4.0,0.26666666666666666,4.0,0.0,-0.0,0.0,Random-parameter search on original Hamiltonian; keep the best parameter vector found so far.,-4.0,0.26666666666666666,5,moderate_damping
random_search,2,30,00000000000000000000,11010011010011010010,11010011010011010010,00000000000000000000,-4.0,12.56,0.26666666666666666,-0.8373333333333334,-0.0,-4.0,0.26666666666666666,4.0,0.0,-0.0,0.0,Random-parameter search on original Hamiltonian; keep the best parameter vector found so far.,-4.0,0.26666666666666666,5,moderate_damping
random_search,3,40,00000000000000000000,11010011010011010010,11010011010011010010,00000000000000000000,-4.0,12.5,0.26666666666666666,-0.8333333333333334,-0.0,-4.0,0.26666666666666666,4.0,0.0,-0.0,0.0,Random-parameter search on original Hamiltonian; keep the best parameter vector found so far.,-4.0,0.26666666666666666,5,moderate_damping
random_search,4,50,00000000000000000000,01111111101101011101,01111111101101011101,00000000000000000000,-5.0,13.43,0.3333333333333333,-0.8953333333333333,-0.0,-5.0,0.3333333333333333,5.0,0.0,-0.0,0.0,Random-parameter search on original Hamiltonian; keep the best parameter vector found so far.,-5.0,0.3333333333333333,5,moderate_damping
random_search,5,60,00000000000000000000,01111111101101011101,01111111101101011101,00000000000000000000,-5.0,13.39,0.3333333333333333,-0.8926666666666667,-0.0,-5.0,0.3333333333333333,5.0,0.0,-0.0,0.0,Random-parameter search on original Hamiltonian; keep the best parameter vector found so far.,-5.0,0.3333333333333333,5,moderate_damping
ndar_no_opt,0,10,00000000000000000000,00000000100010010110,00000000100010010110,00000000000000000000,-3.0,14.29,0.2,-0.9526666666666667,-0.0,-3.0,0.2,3.0,0.0,-0.0,0.0,NDAR-style remap loop with fixed circuit parameters and no optimization.,-3.0,0.2,5,moderate_damping
ndar_no_opt,1,20,00000000100010010110,11010000000001001010,11010000100011011100,00000000100010010110,-13.0,14.57,0.8666666666666667,-0.9713333333333334,0.2,-13.0,0.8666666666666667,13.0,-3.0,0.2,3.0,NDAR-style remap loop with fixed circuit parameters and no optimization.,-13.0,0.8666666666666667,5,moderate_damping
ndar_no_opt,2,30,11010000100011011100,11010000000001001010,00000000100010010110,11010000100011011100,-3.0,14.87,0.2,-0.9913333333333333,0.8666666666666667,-3.0,0.2,3.0,-13.0,0.8666666666666667,13.0,NDAR-style remap loop with fixed circuit parameters and no optimization.,-13.0,0.8666666666666667,5,moderate_damping
ndar_no_opt,3,40,00000000100010010110,11010000000001001010,11010000100011011100,00000000100010010110,-13.0,14.31,0.8666666666666667,-0.9540000000000001,0.2,-13.0,0.8666666666666667,13.0,-3.0,0.2,3.0,NDAR-style remap loop with fixed circuit parameters and no optimization.,-13.0,0.8666666666666667,5,moderate_damping
ndar_no_opt,4,50,11010000100011011100,11010000000001001010,00000000100010010110,11010000100011011100,-3.0,14.8,0.2,-0.9866666666666667,0.8666666666666667,-3.0,0.2,3.0,-13.0,0.8666666666666667,13.0,NDAR-style remap loop with fixed circuit parameters and no optimization.,-13.0,0.8666666666666667,5,moderate_damping
ndar_no_opt,5,60,00000000100010010110,11010000000001001010,11010000100011011100,00000000100010010110,-13.0,14.29,0.8666666666666667,-0.9526666666666667,0.2,-13.0,0.8666666666666667,13.0,-3.0,0.2,3.0,NDAR-style remap loop with fixed circuit parameters and no optimization.,-13.0,0.8666666666666667,5,moderate_damping
plain_vqa,0,10,00000000000000000000,10001000111010111100,10001000111010111100,00000000000000000000,-26.0,-6.7,0.65,0.1675,-0.0,-26.0,0.65,26.0,0.0,-0.0,0.0,Budget-matched cumulative optimization on original Hamiltonian.,-26.0,0.65,6,moderate_damping
plain_vqa,1,20,00000000000000000000,11101100000110101011,11101100000110101011,00000000000000000000,-31.0,-7.83,0.775,0.19575,-0.0,-31.0,0.775,31.0,0.0,-0.0,0.0,Budget-matched cumulative optimization on original Hamiltonian.,-31.0,0.775,6,moderate_damping
plain_vqa,2,30,00000000000000000000,10011010000101101111,10011010000101101111,00000000000000000000,-31.0,-7.7,0.775,0.1925,-0.0,-31.0,0.775,31.0,0.0,-0.0,0.0,Budget-matched cumulative optimization on original Hamiltonian.,-31.0,0.775,6,moderate_damping
plain_vqa,3,40,00000000000000000000,10001110110101101011,10001110110101101011,00000000000000000000,-28.0,-8.41,0.7,0.21025,-0.0,-28.0,0.7,28.0,0.0,-0.0,0.0,Budget-matched cumulative optimization on original Hamiltonian.,-31.0,0.775,6,moderate_damping
plain_vqa,4,50,00000000000000000000,10001110110101101011,10001110110101101011,00000000000000000000,-28.0,-8.31,0.7,0.20775000000000002,-0.0,-28.0,0.7,28.0,0.0,-0.0,0.0,Budget-matched cumulative optimization on original Hamiltonian.,-31.0,0.775,6,moderate_damping
plain_vqa,5,60,00000000000000000000,10001110110101101011,10001110110101101011,00000000000000000000,-28.0,-8.23,0.7,0.20575000000000002,-0.0,-28.0,0.7,28.0,0.0,-0.0,0.0,Budget-matched cumulative optimization on original Hamiltonian.,-31.0,0.775,6,moderate_damping
ndar_vqa,0,10,00000000000000000000,01110001100001000110,01110001100001000110,00000000000000000000,-24.0,-5.99,0.6,0.14975,-0.0,-24.0,0.6,24.0,0.0,-0.0,0.0,"NDAR outer step: optimize current transformed Hamiltonian, then remap using best sampled bitstring.",-24.0,0.6,6,moderate_damping
ndar_vqa,1,20,01110001100001000110,10111111000100011101,11001110100101011011,01110001100001000110,-28.0,-7.49,0.7,0.18725,0.6,-28.0,0.7,28.0,-24.0,0.6,24.0,"NDAR outer step: optimize current transformed Hamiltonian, then remap using best sampled bitstring.",-28.0,0.7,6,moderate_damping
ndar_vqa,2,30,11001110100101011011,10010000100000100000,01011110000101111011,11001110100101011011,-26.0,-8.31,0.65,0.20775000000000002,0.7,-26.0,0.65,26.0,-28.0,0.7,28.0,"NDAR outer step: optimize current transformed Hamiltonian, then remap using best sampled bitstring.",-28.0,0.7,6,moderate_damping
ndar_vqa,3,40,01011110000101111011,10000000000000110000,11011110000101001011,01011110000101111011,-31.0,-8.4,0.775,0.21000000000000002,0.65,-31.0,0.775,31.0,-26.0,0.65,26.0,"NDAR outer step: optimize current transformed Hamiltonian, then remap using best sampled bitstring.",-31.0,0.775,6,moderate_damping
ndar_vqa,4,50,11011110000101001011,10000000010011100000,01011110010110101011,11011110000101001011,-30.0,-8.95,0.75,0.22374999999999998,0.775,-30.0,0.75,30.0,-31.0,0.775,31.0,"NDAR outer step: optimize current transformed Hamiltonian, then remap using best sampled bitstring.",-31.0,0.775,6,moderate_damping
ndar_vqa,5,60,01011110010110101011,11110000010011000000,10101110000101101011,01011110010110101011,-33.0,-7.03,0.825,0.17575000000000002,0.75,-33.0,0.825,33.0,-30.0,0.75,30.0,"NDAR outer step: optimize current transformed Hamiltonian, then remap using best sampled bitstring.",-33.0,0.825,6,moderate_damping
random_search,0,10,00000000000000000000,00101100001110000010,00101100001110000010,00000000000000000000,-21.0,-7.24,0.525,0.181,-0.0,-21.0,0.525,21.0,0.0,-0.0,0.0,Random-parameter search on original Hamiltonian; keep the best parameter vector found so far.,-21.0,0.525,6,moderate_damping
random_search,1,20,00000000000000000000,01100000111010110100,01100000111010110100,00000000000000000000,-25.0,-9.05,0.625,0.22625,-0.0,-25.0,0.625,25.0,0.0,-0.0,0.0,Random-parameter search on original Hamiltonian; keep the best parameter vector found so far.,-25.0,0.625,6,moderate_damping
random_search,2,30,00000000000000000000,10110001101011000100,10110001101011000100,00000000000000000000,-25.0,-8.78,0.625,0.21949999999999997,-0.0,-25.0,0.625,25.0,0.0,-0.0,0.0,Random-parameter search on original Hamiltonian; keep the best parameter vector found so far.,-25.0,0.625,6,moderate_damping
random_search,3,40,00000000000000000000,10110001101011000100,10110001101011000100,00000000000000000000,-25.0,-8.61,0.625,0.21525,-0.0,-25.0,0.625,25.0,0.0,-0.0,0.0,Random-parameter search on original Hamiltonian; keep the best parameter vector found so far.,-25.0,0.625,6,moderate_damping
random_search,4,50,00000000000000000000,10110001101011000100,10110001101011000100,00000000000000000000,-25.0,-8.83,0.625,0.22075,-0.0,-25.0,0.625,25.0,0.0,-0.0,0.0,Random-parameter search on original Hamiltonian; keep the best parameter vector found so far.,-25.0,0.625,6,moderate_damping
random_search,5,60,00000000000000000000,10110001101011000100,10110001101011000100,00000000000000000000,-25.0,-8.89,0.625,0.22225,-0.0,-25.0,0.625,25.0,0.0,-0.0,0.0,Random-parameter search on original Hamiltonian; keep the best parameter vector found so far.,-25.0,0.625,6,moderate_damping
ndar_no_opt,0,10,00000000000000000000,11001110111010101001,11001110111010101001,00000000000000000000,-28.0,-5.75,0.7,0.14375,-0.0,-28.0,0.7,28.0,0.0,-0.0,0.0,NDAR-style remap loop with fixed circuit parameters and no optimization.,-28.0,0.7,6,moderate_damping
ndar_no_opt,1,20,11001110111010101001,11001011111000111111,00000101000010010110,11001110111010101001,-20.0,-5.7,0.5,0.14250000000000002,0.7,-20.0,0.5,20.0,-28.0,0.7,28.0,NDAR-style remap loop with fixed circuit parameters and no optimization.,-28.0,0.7,6,moderate_damping
ndar_no_opt,2,30,00000101000010010110,11001011111000111111,11001110111010101001,00000101000010010110,-28.0,-6.45,0.7,0.16125,0.5,-28.0,0.7,28.0,-20.0,0.5,20.0,NDAR-style remap loop with fixed circuit parameters and no optimization.,-28.0,0.7,6,moderate_damping
ndar_no_opt,3,40,11001110111010101001,11001011111000111111,00000101000010010110,11001110111010101001,-20.0,-5.81,0.5,0.14525,0.7,-20.0,0.5,20.0,-28.0,0.7,28.0,NDAR-style remap loop with fixed circuit parameters and no optimization.,-28.0,0.7,6,moderate_damping
ndar_no_opt,4,50,00000101000010010110,11001011111000111111,11001110111010101001,00000101000010010110,-28.0,-6.47,0.7,0.16175,0.5,-28.0,0.7,28.0,-20.0,0.5,20.0,NDAR-style remap loop with fixed circuit parameters and no optimization.,-28.0,0.7,6,moderate_damping
ndar_no_opt,5,60,11001110111010101001,11001011111000111111,00000101000010010110,11001110111010101001,-20.0,-5.61,0.5,0.14025,0.7,-20.0,0.5,20.0,-28.0,0.7,28.0,NDAR-style remap loop with fixed circuit parameters and no optimization.,-28.0,0.7,6,moderate_damping
plain_vqa,0,10,00000000000000000000,10101101101001010001,10101101101001010001,00000000000000000000,-26.0,-7.43,0.65,0.18575,-0.0,-26.0,0.65,26.0,0.0,-0.0,0.0,Budget-matched cumulative optimization on original Hamiltonian.,-26.0,0.65,7,moderate_damping
plain_vqa,1,20,00000000000000000000,11110110010011011001,11110110010011011001,00000000000000000000,-28.0,-6.87,0.7,0.17175,-0.0,-28.0,0.7,28.0,0.0,-0.0,0.0,Budget-matched cumulative optimization on original Hamiltonian.,-28.0,0.7,7,moderate_damping
plain_vqa,2,30,00000000000000000000,10101101110001010001,10101101110001010001,00000000000000000000,-22.0,-7.51,0.55,0.18775,-0.0,-22.0,0.55,22.0,0.0,-0.0,0.0,Budget-matched cumulative optimization on original Hamiltonian.,-28.0,0.7,7,moderate_damping
plain_vqa,3,40,00000000000000000000,01110110010001011101,01110110010001011101,00000000000000000000,-27.0,-8.04,0.675,0.20099999999999998,-0.0,-27.0,0.675,27.0,0.0,-0.0,0.0,Budget-matched cumulative optimization on original Hamiltonian.,-28.0,0.7,7,moderate_damping
plain_vqa,4,50,00000000000000000000,01110110010001011101,01110110010001011101,00000000000000000000,-27.0,-9.17,0.675,0.22925,-0.0,-27.0,0.675,27.0,0.0,-0.0,0.0,Budget-matched cumulative optimization on original Hamiltonian.,-28.0,0.7,7,moderate_damping
plain_vqa,5,60,00000000000000000000,01000010010000011110,01000010010000011110,00000000000000000000,-27.0,-9.3,0.675,0.2325,-0.0,-27.0,0.675,27.0,0.0,-0.0,0.0,Budget-matched cumulative optimization on original Hamiltonian.,-28.0,0.7,7,moderate_damping
ndar_vqa,0,10,00000000000000000000,01010010010011101110,01010010010011101110,00000000000000000000,-24.0,-6.47,0.6,0.16175,-0.0,-24.0,0.6,24.0,0.0,-0.0,0.0,"NDAR outer step: optimize current transformed Hamiltonian, then remap using best sampled bitstring.",-24.0,0.6,7,moderate_damping
ndar_vqa,1,20,01010010010011101110,11111001110111100101,10101011100100001011,01010010010011101110,-26.0,-7.74,0.65,0.1935,0.6,-26.0,0.65,26.0,-24.0,0.6,24.0,"NDAR outer step: optimize current transformed Hamiltonian, then remap using best sampled bitstring.",-26.0,0.65,7,moderate_damping
ndar_vqa,2,30,10101011100100001011,11100011111010000101,01001000011110001110,10101011100100001011,-23.0,-6.05,0.575,0.15125,0.65,-23.0,0.575,23.0,-26.0,0.65,26.0,"NDAR outer step: optimize current transformed Hamiltonian, then remap using best sampled bitstring.",-26.0,0.65,7,moderate_damping
ndar_vqa,3,40,01001000011110001110,11100011111011000100,10101011100101001010,01001000011110001110,-22.0,-5.46,0.55,0.1365,0.575,-22.0,0.55,22.0,-23.0,0.575,23.0,"NDAR outer step: optimize current transformed Hamiltonian, then remap using best sampled bitstring.",-26.0,0.65,7,moderate_damping
ndar_vqa,4,50,10101011100101001010,11100011111011001100,01001000011110000110,10101011100101001010,-28.0,-7.82,0.7,0.1955,0.55,-28.0,0.7,28.0,-22.0,0.55,22.0,"NDAR outer step: optimize current transformed Hamiltonian, then remap using best sampled bitstring.",-28.0,0.7,7,moderate_damping
ndar_vqa,5,60,01001000011110000110,11000001011011000000,10001001000101000110,01001000011110000110,-21.0,-5.14,0.525,0.1285,0.7,-21.0,0.525,21.0,-28.0,0.7,28.0,"NDAR outer step: optimize current transformed Hamiltonian, then remap using best sampled bitstring.",-28.0,0.7,7,moderate_damping
random_search,0,10,00000000000000000000,10111001100110000101,10111001100110000101,00000000000000000000,-22.0,-7.47,0.55,0.18675,-0.0,-22.0,0.55,22.0,0.0,-0.0,0.0,Random-parameter search on original Hamiltonian; keep the best parameter vector found so far.,-22.0,0.55,7,moderate_damping
random_search,1,20,00000000000000000000,10111001100110000101,10111001100110000101,00000000000000000000,-22.0,-7.5,0.55,0.1875,-0.0,-22.0,0.55,22.0,0.0,-0.0,0.0,Random-parameter search on original Hamiltonian; keep the best parameter vector found so far.,-22.0,0.55,7,moderate_damping
random_search,2,30,00000000000000000000,10101100111101001011,10101100111101001011,00000000000000000000,-24.0,-7.12,0.6,0.178,-0.0,-24.0,0.6,24.0,0.0,-0.0,0.0,Random-parameter search on original Hamiltonian; keep the best parameter vector found so far.,-24.0,0.6,7,moderate_damping
random_search,3,40,00000000000000000000,10101100111101001011,10101100111101001011,00000000000000000000,-24.0,-7.01,0.6,0.17525,-0.0,-24.0,0.6,24.0,0.0,-0.0,0.0,Random-parameter search on original Hamiltonian; keep the best parameter vector found so far.,-24.0,0.6,7,moderate_damping
random_search,4,50,00000000000000000000,10101100111101001011,10101100111101001011,00000000000000000000,-24.0,-6.97,0.6,0.17425,-0.0,-24.0,0.6,24.0,0.0,-0.0,0.0,Random-parameter search on original Hamiltonian; keep the best parameter vector found so far.,-24.0,0.6,7,moderate_damping
random_search,5,60,00000000000000000000,11110110011010011101,11110110011010011101,00000000000000000000,-23.0,-6.86,0.575,0.1715,-0.0,-23.0,0.575,23.0,0.0,-0.0,0.0,Random-parameter search on original Hamiltonian; keep the best parameter vector found so far.,-24.0,0.6,7,moderate_damping
ndar_no_opt,0,10,00000000000000000000,01010000011010100111,01010000011010100111,00000000000000000000,-23.0,-4.5,0.575,0.1125,-0.0,-23.0,0.575,23.0,0.0,-0.0,0.0,NDAR-style remap loop with fixed circuit parameters and no optimization.,-23.0,0.575,7,moderate_damping
ndar_no_opt,1,20,01010000011010100111,11101001111101000101,10111001100111100010,01010000011010100111,-23.0,-6.52,0.575,0.16299999999999998,0.575,-23.0,0.575,23.0,-23.0,0.575,23.0,NDAR-style remap loop with fixed circuit parameters and no optimization.,-23.0,0.575,7,moderate_damping
ndar_no_opt,2,30,10111001100111100010,11010001001011000100,01101000101100100110,10111001100111100010,-23.0,-7.71,0.575,0.19275,0.575,-23.0,0.575,23.0,-23.0,0.575,23.0,NDAR-style remap loop with fixed circuit parameters and no optimization.,-23.0,0.575,7,moderate_damping
ndar_no_opt,3,40,01101000101100100110,00101110111111011001,01000110010011111111,01101000101100100110,-24.0,-4.87,0.6,0.12175,0.575,-24.0,0.6,24.0,-23.0,0.575,23.0,NDAR-style remap loop with fixed circuit parameters and no optimization.,-24.0,0.6,7,moderate_damping
ndar_no_opt,4,50,01000110010011111111,11100011100000110100,10100101110011001011,01000110010011111111,-25.0,-5.53,0.625,0.13825,0.6,-25.0,0.625,25.0,-24.0,0.6,24.0,NDAR-style remap loop with fixed circuit parameters and no optimization.,-25.0,0.625,7,moderate_damping
ndar_no_opt,5,60,10100101110011001011,11100101001000101101,01000000111011100110,10100101110011001011,-25.0,-5.55,0.625,0.13874999999999998,0.625,-25.0,0.625,25.0,-25.0,0.625,25.0,NDAR-style remap loop with fixed circuit parameters and no optimization.,-25.0,0.625,7,moderate_damping
plain_vqa,0,10,00000000000000000000,10010010101110111111,10010010101110111111,00000000000000000000,-13.0,6.24,0.5652173913043478,-0.271304347826087,-0.0,-13.0,0.5652173913043478,13.0,0.0,-0.0,0.0,Budget-matched cumulative optimization on original Hamiltonian.,-13.0,0.5652173913043478,8,moderate_damping
plain_vqa,1,20,00000000000000000000,11000111010000101000,11000111010000101000,00000000000000000000,-10.0,4.59,0.43478260869565216,-0.19956521739130434,-0.0,-10.0,0.43478260869565216,10.0,0.0,-0.0,0.0,Budget-matched cumulative optimization on original Hamiltonian.,-13.0,0.5652173913043478,8,moderate_damping
plain_vqa,2,30,00000000000000000000,10001100000000010101,10001100000000010101,00000000000000000000,-10.0,4.65,0.43478260869565216,-0.2021739130434783,-0.0,-10.0,0.43478260869565216,10.0,0.0,-0.0,0.0,Budget-matched cumulative optimization on original Hamiltonian.,-13.0,0.5652173913043478,8,moderate_damping
plain_vqa,3,40,00000000000000000000,10101011000111011100,10101011000111011100,00000000000000000000,-11.0,3.41,0.4782608695652174,-0.1482608695652174,-0.0,-11.0,0.4782608695652174,11.0,0.0,-0.0,0.0,Budget-matched cumulative optimization on original Hamiltonian.,-13.0,0.5652173913043478,8,moderate_damping
plain_vqa,4,50,00000000000000000000,10101011000111011100,10101011000111011100,00000000000000000000,-11.0,3.38,0.4782608695652174,-0.14695652173913043,-0.0,-11.0,0.4782608695652174,11.0,0.0,-0.0,0.0,Budget-matched cumulative optimization on original Hamiltonian.,-13.0,0.5652173913043478,8,moderate_damping
plain_vqa,5,60,00000000000000000000,10001100000000010101,10001100000000010101,00000000000000000000,-10.0,3.23,0.43478260869565216,-0.14043478260869566,-0.0,-10.0,0.43478260869565216,10.0,0.0,-0.0,0.0,Budget-matched cumulative optimization on original Hamiltonian.,-13.0,0.5652173913043478,8,moderate_damping
ndar_vqa,0,10,00000000000000000000,01110001110101111011,01110001110101111011,00000000000000000000,-13.0,8.14,0.5652173913043478,-0.3539130434782609,-0.0,-13.0,0.5652173913043478,13.0,0.0,-0.0,0.0,"NDAR outer step: optimize current transformed Hamiltonian, then remap using best sampled bitstring.",-13.0,0.5652173913043478,8,moderate_damping
ndar_vqa,1,20,01110001110101111011,00000101011010000101,01110100101111111110,01110001110101111011,-12.0,4.38,0.5217391304347826,-0.19043478260869565,0.5652173913043478,-12.0,0.5217391304347826,12.0,-13.0,0.5652173913043478,13.0,"NDAR outer step: optimize current transformed Hamiltonian, then remap using best sampled bitstring.",-13.0,0.5652173913043478,8,moderate_damping
ndar_vqa,2,30,01110100101111111110,00010111001010000110,01100011100101111000,01110100101111111110,-14.0,4.6,0.6086956521739131,-0.19999999999999998,0.5217391304347826,-14.0,0.6086956521739131,14.0,-12.0,0.5217391304347826,12.0,"NDAR outer step: optimize current transformed Hamiltonian, then remap using best sampled bitstring.",-14.0,0.6086956521739131,8,moderate_damping
ndar_vqa,3,40,01100011100101111000,10110011011111111111,11010000111010000111,01100011100101111000,-10.0,4.33,0.43478260869565216,-0.1882608695652174,0.6086956521739131,-10.0,0.43478260869565216,10.0,-14.0,0.6086956521739131,14.0,"NDAR outer step: optimize current transformed Hamiltonian, then remap using best sampled bitstring.",-14.0,0.6086956521739131,8,moderate_damping
ndar_vqa,4,50,11010000111010000111,01010011011101111001,10000011100111111110,11010000111010000111,-12.0,3.96,0.5217391304347826,-0.17217391304347826,0.43478260869565216,-12.0,0.5217391304347826,12.0,-10.0,0.43478260869565216,10.0,"NDAR outer step: optimize current transformed Hamiltonian, then remap using best sampled bitstring.",-14.0,0.6086956521739131,8,moderate_damping
ndar_vqa,5,60,10000011100111111110,00101011011111111001,10101000111000000111,10000011100111111110,-11.0,5.47,0.4782608695652174,-0.23782608695652172,0.5217391304347826,-11.0,0.4782608695652174,11.0,-12.0,0.5217391304347826,12.0,"NDAR outer step: optimize current transformed Hamiltonian, then remap using best sampled bitstring.",-14.0,0.6086956521739131,8,moderate_damping
random_search,0,10,00000000000000000000,11101100000000000101,11101100000000000101,00000000000000000000,-15.0,4.48,0.6521739130434783,-0.1947826086956522,-0.0,-15.0,0.6521739130434783,15.0,0.0,-0.0,0.0,Random-parameter search on original Hamiltonian; keep the best parameter vector found so far.,-15.0,0.6521739130434783,8,moderate_damping
random_search,1,20,00000000000000000000,11101100000000000101,11101100000000000101,00000000000000000000,-15.0,4.52,0.6521739130434783,-0.19652173913043477,-0.0,-15.0,0.6521739130434783,15.0,0.0,-0.0,0.0,Random-parameter search on original Hamiltonian; keep the best parameter vector found so far.,-15.0,0.6521739130434783,8,moderate_damping
random_search,2,30,00000000000000000000,10000011100111111100,10000011100111111100,00000000000000000000,-17.0,2.98,0.7391304347826086,-0.12956521739130436,-0.0,-17.0,0.7391304347826086,17.0,0.0,-0.0,0.0,Random-parameter search on original Hamiltonian; keep the best parameter vector found so far.,-17.0,0.7391304347826086,8,moderate_damping
random_search,3,40,00000000000000000000,10100000100111110111,10100000100111110111,00000000000000000000,-13.0,3.49,0.5652173913043478,-0.15173913043478263,-0.0,-13.0,0.5652173913043478,13.0,0.0,-0.0,0.0,Random-parameter search on original Hamiltonian; keep the best parameter vector found so far.,-17.0,0.7391304347826086,8,moderate_damping
random_search,4,50,00000000000000000000,10100000100111110111,10100000100111110111,00000000000000000000,-13.0,3.44,0.5652173913043478,-0.14956521739130435,-0.0,-13.0,0.5652173913043478,13.0,0.0,-0.0,0.0,Random-parameter search on original Hamiltonian; keep the best parameter vector found so far.,-17.0,0.7391304347826086,8,moderate_damping
random_search,5,60,00000000000000000000,10100000100111110111,10100000100111110111,00000000000000000000,-13.0,3.45,0.5652173913043478,-0.15,-0.0,-13.0,0.5652173913043478,13.0,0.0,-0.0,0.0,Random-parameter search on original Hamiltonian; keep the best parameter vector found so far.,-17.0,0.7391304347826086,8,moderate_damping
ndar_no_opt,0,10,00000000000000000000,11100001100110111110,11100001100110111110,00000000000000000000,-12.0,6.05,0.5217391304347826,-0.26304347826086955,-0.0,-12.0,0.5217391304347826,12.0,0.0,-0.0,0.0,NDAR-style remap loop with fixed circuit parameters and no optimization.,-12.0,0.5217391304347826,8,moderate_damping
ndar_no_opt,1,20,11100001100110111110,01000001001111110011,10100000101001001101,11100001100110111110,-8.0,5.43,0.34782608695652173,-0.2360869565217391,0.5217391304347826,-8.0,0.34782608695652173,8.0,-12.0,0.5217391304347826,12.0,NDAR-style remap loop with fixed circuit parameters and no optimization.,-12.0,0.5217391304347826,8,moderate_damping
ndar_no_opt,2,30,10100000101001001101,01000001001111110011,11100001100110111110,10100000101001001101,-12.0,6.96,0.5217391304347826,-0.3026086956521739,0.34782608695652173,-12.0,0.5217391304347826,12.0,-8.0,0.34782608695652173,8.0,NDAR-style remap loop with fixed circuit parameters and no optimization.,-12.0,0.5217391304347826,8,moderate_damping
ndar_no_opt,3,40,11100001100110111110,01000001001111110011,10100000101001001101,11100001100110111110,-8.0,5.51,0.34782608695652173,-0.23956521739130435,0.5217391304347826,-8.0,0.34782608695652173,8.0,-12.0,0.5217391304347826,12.0,NDAR-style remap loop with fixed circuit parameters and no optimization.,-12.0,0.5217391304347826,8,moderate_damping
ndar_no_opt,4,50,10100000101001001101,01000001001111110011,11100001100110111110,10100000101001001101,-12.0,7.04,0.5217391304347826,-0.3060869565217391,0.34782608695652173,-12.0,0.5217391304347826,12.0,-8.0,0.34782608695652173,8.0,NDAR-style remap loop with fixed circuit parameters and no optimization.,-12.0,0.5217391304347826,8,moderate_damping
ndar_no_opt,5,60,11100001100110111110,01000001001111110011,10100000101001001101,11100001100110111110,-8.0,5.55,0.34782608695652173,-0.24130434782608695,0.5217391304347826,-8.0,0.34782608695652173,8.0,-12.0,0.5217391304347826,12.0,NDAR-style remap loop with fixed circuit parameters and no optimization.,-12.0,0.5217391304347826,8,moderate_damping
plain_vqa,0,10,00000000000000000000,00010111111100101010,00010111111100101010,00000000000000000000,-31.0,-5.87,0.8857142857142857,0.1677142857142857,-0.0,-31.0,0.8857142857142857,31.0,0.0,-0.0,0.0,Budget-matched cumulative optimization on original Hamiltonian.,-31.0,0.8857142857142857,9,moderate_damping
plain_vqa,1,20,00000000000000000000,00010111011100101010,00010111011100101010,00000000000000000000,-28.0,-9.05,0.8,0.2585714285714286,-0.0,-28.0,0.8,28.0,0.0,-0.0,0.0,Budget-matched cumulative optimization on original Hamiltonian.,-31.0,0.8857142857142857,9,moderate_damping
plain_vqa,2,30,00000000000000000000,00010111011100101010,00010111011100101010,00000000000000000000,-28.0,-9.98,0.8,0.28514285714285714,-0.0,-28.0,0.8,28.0,0.0,-0.0,0.0,Budget-matched cumulative optimization on original Hamiltonian.,-31.0,0.8857142857142857,9,moderate_damping
plain_vqa,3,40,00000000000000000000,00010000101000011001,00010000101000011001,00000000000000000000,-26.0,-10.66,0.7428571428571429,0.30457142857142855,-0.0,-26.0,0.7428571428571429,26.0,0.0,-0.0,0.0,Budget-matched cumulative optimization on original Hamiltonian.,-31.0,0.8857142857142857,9,moderate_damping
plain_vqa,4,50,00000000000000000000,00010000101000011001,00010000101000011001,00000000000000000000,-26.0,-10.27,0.7428571428571429,0.2934285714285714,-0.0,-26.0,0.7428571428571429,26.0,0.0,-0.0,0.0,Budget-matched cumulative optimization on original Hamiltonian.,-31.0,0.8857142857142857,9,moderate_damping
plain_vqa,5,60,00000000000000000000,10000000100011011001,10000000100011011001,00000000000000000000,-27.0,-11.22,0.7714285714285715,0.32057142857142856,-0.0,-27.0,0.7714285714285715,27.0,0.0,-0.0,0.0,Budget-matched cumulative optimization on original Hamiltonian.,-31.0,0.8857142857142857,9,moderate_damping
ndar_vqa,0,10,00000000000000000000,00110000101100101001,00110000101100101001,00000000000000000000,-22.0,-8.82,0.6285714285714286,0.252,-0.0,-22.0,0.6285714285714286,22.0,0.0,-0.0,0.0,"NDAR outer step: optimize current transformed Hamiltonian, then remap using best sampled bitstring.",-22.0,0.6285714285714286,9,moderate_damping
ndar_vqa,1,20,00110000101100101001,00000111110000001000,00110111011100100001,00110000101100101001,-26.0,-6.42,0.7428571428571429,0.1834285714285714,0.6285714285714286,-26.0,0.7428571428571429,26.0,-22.0,0.6285714285714286,22.0,"NDAR outer step: optimize current transformed Hamiltonian, then remap using best sampled bitstring.",-26.0,0.7428571428571429,9,moderate_damping
ndar_vqa,2,30,00110111011100100001,00000011100101001100,00110100111001101101,00110111011100100001,-25.0,-6.88,0.7142857142857143,0.19657142857142856,0.7428571428571429,-25.0,0.7142857142857143,25.0,-26.0,0.7428571428571429,26.0,"NDAR outer step: optimize current transformed Hamiltonian, then remap using best sampled bitstring.",-26.0,0.7428571428571429,9,moderate_damping
ndar_vqa,3,40,00110100111001101101,00000011000101001100,00110111111100100001,00110100111001101101,-29.0,-5.98,0.8285714285714286,0.17085714285714287,0.7142857142857143,-29.0,0.8285714285714286,29.0,-25.0,0.7142857142857143,25.0,"NDAR outer step: optimize current transformed Hamiltonian, then remap using best sampled bitstring.",-29.0,0.8285714285714286,9,moderate_damping
ndar_vqa,4,50,00110111111100100001,10100001010100111011,10010110101000011010,00110111111100100001,-25.0,-8.08,0.7142857142857143,0.23085714285714287,0.8285714285714286,-25.0,0.7142857142857143,25.0,-29.0,0.8285714285714286,29.0,"NDAR outer step: optimize current transformed Hamiltonian, then remap using best sampled bitstring.",-29.0,0.8285714285714286,9,moderate_damping
ndar_vqa,5,60,10010110101000011010,10100000100100111011,00110110001100100001,10010110101000011010,-22.0,-8.15,0.6285714285714286,0.23285714285714287,0.7142857142857143,-22.0,0.6285714285714286,22.0,-25.0,0.7142857142857143,25.0,"NDAR outer step: optimize current transformed Hamiltonian, then remap using best sampled bitstring.",-29.0,0.8285714285714286,9,moderate_damping
random_search,0,10,00000000000000000000,11000010000011011001,11000010000011011001,00000000000000000000,-24.0,-6.81,0.6857142857142857,0.19457142857142856,-0.0,-24.0,0.6857142857142857,24.0,0.0,-0.0,0.0,Random-parameter search on original Hamiltonian; keep the best parameter vector found so far.,-24.0,0.6857142857142857,9,moderate_damping
random_search,1,20,00000000000000000000,01011111110110000011,01011111110110000011,00000000000000000000,-20.0,-7.22,0.5714285714285714,0.20628571428571427,-0.0,-20.0,0.5714285714285714,20.0,0.0,-0.0,0.0,Random-parameter search on original Hamiltonian; keep the best parameter vector found so far.,-24.0,0.6857142857142857,9,moderate_damping
random_search,2,30,00000000000000000000,01011111110110000011,01011111110110000011,00000000000000000000,-20.0,-7.18,0.5714285714285714,0.20514285714285713,-0.0,-20.0,0.5714285714285714,20.0,0.0,-0.0,0.0,Random-parameter search on original Hamiltonian; keep the best parameter vector found so far.,-24.0,0.6857142857142857,9,moderate_damping
random_search,3,40,00000000000000000000,01001001010101111001,01001001010101111001,00000000000000000000,-24.0,-8.03,0.6857142857142857,0.2294285714285714,-0.0,-24.0,0.6857142857142857,24.0,0.0,-0.0,0.0,Random-parameter search on original Hamiltonian; keep the best parameter vector found so far.,-24.0,0.6857142857142857,9,moderate_damping
random_search,4,50,00000000000000000000,00111101110100101111,00111101110100101111,00000000000000000000,-19.0,-6.35,0.5428571428571428,0.1814285714285714,-0.0,-19.0,0.5428571428571428,19.0,0.0,-0.0,0.0,Random-parameter search on original Hamiltonian; keep the best parameter vector found so far.,-24.0,0.6857142857142857,9,moderate_damping
random_search,5,60,00000000000000000000,11100000000011111101,11100000000011111101,00000000000000000000,-32.0,-10.44,0.9142857142857143,0.29828571428571427,-0.0,-32.0,0.9142857142857143,32.0,0.0,-0.0,0.0,Random-parameter search on original Hamiltonian; keep the best parameter vector found so far.,-32.0,0.9142857142857143,9,moderate_damping
ndar_no_opt,0,10,00000000000000000000,00111101101000101101,00111101101000101101,00000000000000000000,-21.0,-8.21,0.6,0.2345714285714286,-0.0,-21.0,0.6,21.0,0.0,-0.0,0.0,NDAR-style remap loop with fixed circuit parameters and no optimization.,-21.0,0.6,9,moderate_damping
ndar_no_opt,1,20,00111101101000101101,01110010110100101011,01001111011100000110,00111101101000101101,-26.0,-5.31,0.7428571428571429,0.1517142857142857,0.6,-26.0,0.7428571428571429,26.0,-21.0,0.6,21.0,NDAR-style remap loop with fixed circuit parameters and no optimization.,-26.0,0.7428571428571429,9,moderate_damping
ndar_no_opt,2,30,01001111011100000110,01010001110100001001,00011110101000001111,01001111011100000110,-24.0,-5.23,0.6857142857142857,0.14942857142857144,0.7428571428571429,-24.0,0.6857142857142857,24.0,-26.0,0.7428571428571429,26.0,NDAR-style remap loop with fixed circuit parameters and no optimization.,-26.0,0.7428571428571429,9,moderate_damping
ndar_no_opt,3,40,00011110101000001111,00000001110000001101,00011111011000000010,00011110101000001111,-32.0,-8.13,0.9142857142857143,0.23228571428571432,0.6857142857142857,-32.0,0.9142857142857143,32.0,-24.0,0.6857142857142857,24.0,NDAR-style remap loop with fixed circuit parameters and no optimization.,-32.0,0.9142857142857143,9,moderate_damping
ndar_no_opt,4,50,00011111011000000010,00000001110000001101,00011110101000001111,00011111011000000010,-24.0,-6.18,0.6857142857142857,0.17657142857142857,0.9142857142857143,-24.0,0.6857142857142857,24.0,-32.0,0.9142857142857143,32.0,NDAR-style remap loop with fixed circuit parameters and no optimization.,-32.0,0.9142857142857143,9,moderate_damping
ndar_no_opt,5,60,00011110101000001111,00000001110000001101,00011111011000000010,00011110101000001111,-32.0,-8.06,0.9142857142857143,0.2302857142857143,0.6857142857142857,-32.0,0.9142857142857143,32.0,-24.0,0.6857142857142857,24.0,NDAR-style remap loop with fixed circuit parameters and no optimization.,-32.0,0.9142857142857143,9,moderate_damping
plain_vqa,0,10,00000000000000000000,00100000110111000000,00100000110111000000,00000000000000000000,-12.0,4.22,0.6,-0.211,-0.0,-12.0,0.6,12.0,0.0,-0.0,0.0,Budget-matched cumulative optimization on original Hamiltonian.,-12.0,0.6,0,default_noise
plain_vqa,1,20,00000000000000000000,10000000000110010000,10000000000110010000,00000000000000000000,-12.0,4.34,0.6,-0.217,-0.0,-12.0,0.6,12.0,0.0,-0.0,0.0,Budget-matched cumulative optimization on original Hamiltonian.,-12.0,0.6,0,default_noise
plain_vqa,2,30,00000000000000000000,10000000000110010000,10000000000110010000,00000000000000000000,-12.0,4.29,0.6,-0.2145,-0.0,-12.0,0.6,12.0,0.0,-0.0,0.0,Budget-matched cumulative optimization on original Hamiltonian.,-12.0,0.6,0,default_noise
plain_vqa,3,40,00000000000000000000,10000000000110010000,10000000000110010000,00000000000000000000,-12.0,4.33,0.6,-0.2165,-0.0,-12.0,0.6,12.0,0.0,-0.0,0.0,Budget-matched cumulative optimization on original Hamiltonian.,-12.0,0.6,0,default_noise
plain_vqa,4,50,00000000000000000000,10000000000110010000,10000000000110010000,00000000000000000000,-12.0,4.43,0.6,-0.22149999999999997,-0.0,-12.0,0.6,12.0,0.0,-0.0,0.0,Budget-matched cumulative optimization on original Hamiltonian.,-12.0,0.6,0,default_noise
plain_vqa,5,60,00000000000000000000,10000000000110010000,10000000000110010000,00000000000000000000,-12.0,4.54,0.6,-0.227,-0.0,-12.0,0.6,12.0,0.0,-0.0,0.0,Budget-matched cumulative optimization on original Hamiltonian.,-12.0,0.6,0,default_noise
ndar_vqa,0,10,00000000000000000000,00100010000010011010,00100010000010011010,00000000000000000000,-8.0,6.71,0.4,-0.3355,-0.0,-8.0,0.4,8.0,0.0,-0.0,0.0,"NDAR outer step: optimize current transformed Hamiltonian, then remap using best sampled bitstring.",-8.0,0.4,0,default_noise
ndar_vqa,1,20,00100010000010011010,10000010000000001101,10100000000010010111,00100010000010011010,-11.0,5.15,0.55,-0.2575,0.4,-11.0,0.55,11.0,-8.0,0.4,8.0,"NDAR outer step: optimize current transformed Hamiltonian, then remap using best sampled bitstring.",-11.0,0.55,0,default_noise
ndar_vqa,2,30,10100000000010010111,00011110001010010000,10111110001000000111,10100000000010010111,-16.0,7.12,0.8,-0.356,0.55,-16.0,0.8,16.0,-11.0,0.55,11.0,"NDAR outer step: optimize current transformed Hamiltonian, then remap using best sampled bitstring.",-16.0,0.8,0,default_noise
ndar_vqa,3,40,10111110001000000111,00100001101010011111,10011111100010011000,10111110001000000111,-8.0,7.29,0.4,-0.3645,0.8,-8.0,0.4,8.0,-16.0,0.8,16.0,"NDAR outer step: optimize current transformed Hamiltonian, then remap using best sampled bitstring.",-16.0,0.8,0,default_noise
ndar_vqa,4,50,10011111100010011000,00100001101010011111,10111110001000000111,10011111100010011000,-16.0,4.98,0.8,-0.24900000000000003,0.4,-16.0,0.8,16.0,-8.0,0.4,8.0,"NDAR outer step: optimize current transformed Hamiltonian, then remap using best sampled bitstring.",-16.0,0.8,0,default_noise
ndar_vqa,5,60,10111110001000000111,11111111111010011111,01000001110010011000,10111110001000000111,-15.0,4.28,0.75,-0.21400000000000002,0.8,-15.0,0.75,15.0,-16.0,0.8,16.0,"NDAR outer step: optimize current transformed Hamiltonian, then remap using best sampled bitstring.",-16.0,0.8,0,default_noise
random_search,0,10,00000000000000000000,10101110001000111000,10101110001000111000,00000000000000000000,-5.0,6.75,0.25,-0.3375,-0.0,-5.0,0.25,5.0,0.0,-0.0,0.0,Random-parameter search on original Hamiltonian; keep the best parameter vector found so far.,-5.0,0.25,0,default_noise
random_search,1,20,00000000000000000000,01011111110000000001,01011111110000000001,00000000000000000000,-13.0,5.48,0.65,-0.274,-0.0,-13.0,0.65,13.0,0.0,-0.0,0.0,Random-parameter search on original Hamiltonian; keep the best parameter vector found so far.,-13.0,0.65,0,default_noise
random_search,2,30,00000000000000000000,10101000010011111110,10101000010011111110,00000000000000000000,-11.0,5.6,0.55,-0.27999999999999997,-0.0,-11.0,0.55,11.0,0.0,-0.0,0.0,Random-parameter search on original Hamiltonian; keep the best parameter vector found so far.,-13.0,0.65,0,default_noise
random_search,3,40,00000000000000000000,10101000010011111110,10101000010011111110,00000000000000000000,-11.0,5.71,0.55,-0.2855,-0.0,-11.0,0.55,11.0,0.0,-0.0,0.0,Random-parameter search on original Hamiltonian; keep the best parameter vector found so far.,-13.0,0.65,0,default_noise
random_search,4,50,00000000000000000000,01101111011010111011,01101111011010111011,00000000000000000000,-14.0,4.37,0.7,-0.2185,-0.0,-14.0,0.7,14.0,0.0,-0.0,0.0,Random-parameter search on original Hamiltonian; keep the best parameter vector found so far.,-14.0,0.7,0,default_noise
random_search,5,60,00000000000000000000,01101111011010111011,01101111011010111011,00000000000000000000,-14.0,4.41,0.7,-0.2205,-0.0,-14.0,0.7,14.0,0.0,-0.0,0.0,Random-parameter search on original Hamiltonian; keep the best parameter vector found so far.,-14.0,0.7,0,default_noise
ndar_no_opt,0,10,00000000000000000000,00110101010101000111,00110101010101000111,00000000000000000000,-8.0,7.46,0.4,-0.373,-0.0,-8.0,0.4,8.0,0.0,-0.0,0.0,NDAR-style remap loop with fixed circuit parameters and no optimization.,-8.0,0.4,0,default_noise
ndar_no_opt,1,20,00110101010101000111,11110000100100111000,11000101110001111111,00110101010101000111,-5.0,6.24,0.25,-0.312,0.4,-5.0,0.25,5.0,-8.0,0.4,8.0,NDAR-style remap loop with fixed circuit parameters and no optimization.,-8.0,0.4,0,default_noise
ndar_no_opt,2,30,11000101110001111111,00110000101100011000,11110101011101100111,11000101110001111111,-16.0,7.22,0.8,-0.361,0.25,-16.0,0.8,16.0,-5.0,0.25,5.0,NDAR-style remap loop with fixed circuit parameters and no optimization.,-16.0,0.8,0,default_noise
ndar_no_opt,3,40,11110101011101100111,00110000101111011111,11000101110010111000,11110101011101100111,-10.0,6.91,0.5,-0.34550000000000003,0.8,-10.0,0.5,10.0,-16.0,0.8,16.0,NDAR-style remap loop with fixed circuit parameters and no optimization.,-16.0,0.8,0,default_noise
ndar_no_opt,4,50,11000101110010111000,00110000101111011111,11110101011101100111,11000101110010111000,-16.0,6.91,0.8,-0.34550000000000003,0.5,-16.0,0.8,16.0,-10.0,0.5,10.0,NDAR-style remap loop with fixed circuit parameters and no optimization.,-16.0,0.8,0,default_noise
ndar_no_opt,5,60,11110101011101100111,00110000101111011111,11000101110010111000,11110101011101100111,-10.0,6.78,0.5,-0.339,0.8,-10.0,0.5,10.0,-16.0,0.8,16.0,NDAR-style remap loop with fixed circuit parameters and no optimization.,-16.0,0.8,0,default_noise
plain_vqa,0,10,00000000000000000000,00111111110101000100,00111111110101000100,00000000000000000000,-1.0,13.57,0.08333333333333333,-1.1308333333333334,-0.0,-1.0,0.08333333333333333,1.0,0.0,-0.0,0.0,Budget-matched cumulative optimization on original Hamiltonian.,-1.0,0.08333333333333333,1,default_noise
plain_vqa,1,20,00000000000000000000,00111111010101001110,00111111010101001110,00000000000000000000,-6.0,12.02,0.5,-1.0016666666666667,-0.0,-6.0,0.5,6.0,0.0,-0.0,0.0,Budget-matched cumulative optimization on original Hamiltonian.,-6.0,0.5,1,default_noise
plain_vqa,2,30,00000000000000000000,00111111011101111110,00111111011101111110,00000000000000000000,-7.0,10.8,0.5833333333333334,-0.9,-0.0,-7.0,0.5833333333333334,7.0,0.0,-0.0,0.0,Budget-matched cumulative optimization on original Hamiltonian.,-7.0,0.5833333333333334,1,default_noise
plain_vqa,3,40,00000000000000000000,00111111101101111110,00111111101101111110,00000000000000000000,-5.0,9.55,0.4166666666666667,-0.7958333333333334,-0.0,-5.0,0.4166666666666667,5.0,0.0,-0.0,0.0,Budget-matched cumulative optimization on original Hamiltonian.,-7.0,0.5833333333333334,1,default_noise
plain_vqa,4,50,00000000000000000000,00111111101101111110,00111111101101111110,00000000000000000000,-5.0,9.82,0.4166666666666667,-0.8183333333333334,-0.0,-5.0,0.4166666666666667,5.0,0.0,-0.0,0.0,Budget-matched cumulative optimization on original Hamiltonian.,-7.0,0.5833333333333334,1,default_noise
plain_vqa,5,60,00000000000000000000,00111111101101111110,00111111101101111110,00000000000000000000,-5.0,9.78,0.4166666666666667,-0.815,-0.0,-5.0,0.4166666666666667,5.0,0.0,-0.0,0.0,Budget-matched cumulative optimization on original Hamiltonian.,-7.0,0.5833333333333334,1,default_noise
ndar_vqa,0,10,00000000000000000000,00010100101001110110,00010100101001110110,00000000000000000000,-1.0,15.07,0.08333333333333333,-1.2558333333333334,-0.0,-1.0,0.08333333333333333,1.0,0.0,-0.0,0.0,"NDAR outer step: optimize current transformed Hamiltonian, then remap using best sampled bitstring.",-1.0,0.08333333333333333,1,default_noise
ndar_vqa,1,20,00010100101001110110,00010000101001110011,00000100000000000101,00010100101001110110,3.0,16.57,-0.25,-1.3808333333333334,0.08333333333333333,3.0,-0.25,-3.0,-1.0,0.08333333333333333,1.0,"NDAR outer step: optimize current transformed Hamiltonian, then remap using best sampled bitstring.",-1.0,0.08333333333333333,1,default_noise
ndar_vqa,2,30,00000100000000000101,00000100101010101111,00000000101010101010,00000100000000000101,-2.0,15.63,0.16666666666666666,-1.3025,-0.25,-2.0,0.16666666666666666,2.0,3.0,-0.25,-3.0,"NDAR outer step: optimize current transformed Hamiltonian, then remap using best sampled bitstring.",-2.0,0.16666666666666666,1,default_noise
ndar_vqa,3,40,00000000101010101010,00000100001010101011,00000100100000000001,00000000101010101010,1.0,18.3,-0.08333333333333333,-1.5250000000000001,0.16666666666666666,1.0,-0.08333333333333333,-1.0,-2.0,0.16666666666666666,2.0,"NDAR outer step: optimize current transformed Hamiltonian, then remap using best sampled bitstring.",-2.0,0.16666666666666666,1,default_noise
ndar_vqa,4,50,00000100100000000001,00100001101101010111,00100101001101010110,00000100100000000001,-1.0,15.42,0.08333333333333333,-1.285,-0.08333333333333333,-1.0,0.08333333333333333,1.0,1.0,-0.08333333333333333,-1.0,"NDAR outer step: optimize current transformed Hamiltonian, then remap using best sampled bitstring.",-2.0,0.16666666666666666,1,default_noise
ndar_vqa,5,60,00100101001101010110,00011110111000111000,00111011110101101110,00100101001101010110,1.0,14.87,-0.08333333333333333,-1.2391666666666665,0.08333333333333333,1.0,-0.08333333333333333,-1.0,-1.0,0.08333333333333333,1.0,"NDAR outer step: optimize current transformed Hamiltonian, then remap using best sampled bitstring.",-2.0,0.16666666666666666,1,default_noise
random_search,0,10,00000000000000000000,10111110010101110111,10111110010101110111,00000000000000000000,-4.0,15.15,0.3333333333333333,-1.2625,-0.0,-4.0,0.3333333333333333,4.0,0.0,-0.0,0.0,Random-parameter search on original Hamiltonian; keep the best parameter vector found so far.,-4.0,0.3333333333333333,1,default_noise
random_search,1,20,00000000000000000000,10111110010101110111,10111110010101110111,00000000000000000000,-4.0,15.08,0.3333333333333333,-1.2566666666666666,-0.0,-4.0,0.3333333333333333,4.0,0.0,-0.0,0.0,Random-parameter search on original Hamiltonian; keep the best parameter vector found so far.,-4.0,0.3333333333333333,1,default_noise
random_search,2,30,00000000000000000000,10111110010101110111,10111110010101110111,00000000000000000000,-4.0,14.96,0.3333333333333333,-1.2466666666666668,-0.0,-4.0,0.3333333333333333,4.0,0.0,-0.0,0.0,Random-parameter search on original Hamiltonian; keep the best parameter vector found so far.,-4.0,0.3333333333333333,1,default_noise
random_search,3,40,00000000000000000000,10111110010101110111,10111110010101110111,00000000000000000000,-4.0,15.06,0.3333333333333333,-1.2550000000000001,-0.0,-4.0,0.3333333333333333,4.0,0.0,-0.0,0.0,Random-parameter search on original Hamiltonian; keep the best parameter vector found so far.,-4.0,0.3333333333333333,1,default_noise
random_search,4,50,00000000000000000000,11010000111010101011,11010000111010101011,00000000000000000000,-3.0,13.51,0.25,-1.1258333333333332,-0.0,-3.0,0.25,3.0,0.0,-0.0,0.0,Random-parameter search on original Hamiltonian; keep the best parameter vector found so far.,-4.0,0.3333333333333333,1,default_noise
random_search,5,60,00000000000000000000,11010000111010101011,11010000111010101011,00000000000000000000,-3.0,13.48,0.25,-1.1233333333333333,-0.0,-3.0,0.25,3.0,0.0,-0.0,0.0,Random-parameter search on original Hamiltonian; keep the best parameter vector found so far.,-4.0,0.3333333333333333,1,default_noise
ndar_no_opt,0,10,00000000000000000000,01000100011010100011,01000100011010100011,00000000000000000000,2.0,17.03,-0.16666666666666666,-1.4191666666666667,-0.0,2.0,-0.16666666666666666,-2.0,0.0,-0.0,0.0,NDAR-style remap loop with fixed circuit parameters and no optimization.,2.0,-0.16666666666666666,1,default_noise
ndar_no_opt,1,20,01000100011010100011,01000100011010100011,00000000000000000000,01000100011010100011,0.0,18.22,-0.0,-1.5183333333333333,-0.16666666666666666,0.0,-0.0,0.0,2.0,-0.16666666666666666,-2.0,NDAR-style remap loop with fixed circuit parameters and no optimization.,0.0,-0.0,1,default_noise
ndar_no_opt,2,30,00000000000000000000,01000100011010100011,01000100011010100011,00000000000000000000,2.0,17.03,-0.16666666666666666,-1.4191666666666667,-0.0,2.0,-0.16666666666666666,-2.0,0.0,-0.0,0.0,NDAR-style remap loop with fixed circuit parameters and no optimization.,0.0,-0.0,1,default_noise
ndar_no_opt,3,40,01000100011010100011,01000100011010100011,00000000000000000000,01000100011010100011,0.0,18.21,-0.0,-1.5175,-0.16666666666666666,0.0,-0.0,0.0,2.0,-0.16666666666666666,-2.0,NDAR-style remap loop with fixed circuit parameters and no optimization.,0.0,-0.0,1,default_noise
ndar_no_opt,4,50,00000000000000000000,01000100011010100011,01000100011010100011,00000000000000000000,2.0,17.21,-0.16666666666666666,-1.4341666666666668,-0.0,2.0,-0.16666666666666666,-2.0,0.0,-0.0,0.0,NDAR-style remap loop with fixed circuit parameters and no optimization.,0.0,-0.0,1,default_noise
ndar_no_opt,5,60,01000100011010100011,01000100011010100011,00000000000000000000,01000100011010100011,0.0,18.2,-0.0,-1.5166666666666666,-0.16666666666666666,0.0,-0.0,0.0,2.0,-0.16666666666666666,-2.0,NDAR-style remap loop with fixed circuit parameters and no optimization.,0.0,-0.0,1,default_noise
plain_vqa,0,10,00000000000000000000,11010101011000001110,11010101011000001110,00000000000000000000,-24.0,-6.38,0.6153846153846154,0.1635897435897436,-0.0,-24.0,0.6153846153846154,24.0,0.0,-0.0,0.0,Budget-matched cumulative optimization on original Hamiltonian.,-24.0,0.6153846153846154,2,default_noise
plain_vqa,1,20,00000000000000000000,01110100011001011110,01110100011001011110,00000000000000000000,-31.0,-9.54,0.7948717948717948,0.2446153846153846,-0.0,-31.0,0.7948717948717948,31.0,0.0,-0.0,0.0,Budget-matched cumulative optimization on original Hamiltonian.,-31.0,0.7948717948717948,2,default_noise
plain_vqa,2,30,00000000000000000000,00100100011000011110,00100100011000011110,00000000000000000000,-30.0,-11.51,0.7692307692307693,0.29512820512820515,-0.0,-30.0,0.7692307692307693,30.0,0.0,-0.0,0.0,Budget-matched cumulative optimization on original Hamiltonian.,-31.0,0.7948717948717948,2,default_noise
plain_vqa,3,40,00000000000000000000,00100100011000011110,00100100011000011110,00000000000000000000,-30.0,-11.47,0.7692307692307693,0.29410256410256413,-0.0,-30.0,0.7692307692307693,30.0,0.0,-0.0,0.0,Budget-matched cumulative optimization on original Hamiltonian.,-31.0,0.7948717948717948,2,default_noise
plain_vqa,4,50,00000000000000000000,11110111011000011110,11110111011000011110,00000000000000000000,-31.0,-10.97,0.7948717948717948,0.2812820512820513,-0.0,-31.0,0.7948717948717948,31.0,0.0,-0.0,0.0,Budget-matched cumulative optimization on original Hamiltonian.,-31.0,0.7948717948717948,2,default_noise
plain_vqa,5,60,00000000000000000000,11110111011000011110,11110111011000011110,00000000000000000000,-31.0,-11.03,0.7948717948717948,0.2828205128205128,-0.0,-31.0,0.7948717948717948,31.0,0.0,-0.0,0.0,Budget-matched cumulative optimization on original Hamiltonian.,-31.0,0.7948717948717948,2,default_noise
ndar_vqa,0,10,00000000000000000000,11110000011001001110,11110000011001001110,00000000000000000000,-30.0,-8.91,0.7692307692307693,0.22846153846153847,-0.0,-30.0,0.7692307692307693,30.0,0.0,-0.0,0.0,"NDAR outer step: optimize current transformed Hamiltonian, then remap using best sampled bitstring.",-30.0,0.7692307692307693,2,default_noise
ndar_vqa,1,20,11110000011001001110,00111001011110101110,11001001000111100000,11110000011001001110,-22.0,-5.55,0.5641025641025641,0.1423076923076923,0.7692307692307693,-22.0,0.5641025641025641,22.0,-30.0,0.7692307692307693,30.0,"NDAR outer step: optimize current transformed Hamiltonian, then remap using best sampled bitstring.",-30.0,0.7692307692307693,2,default_noise
ndar_vqa,2,30,11001001000111100000,11111100011110101010,00110101011001001010,11001001000111100000,-25.0,-7.06,0.6410256410256411,0.181025641025641,0.5641025641025641,-25.0,0.6410256410256411,25.0,-22.0,0.5641025641025641,22.0,"NDAR outer step: optimize current transformed Hamiltonian, then remap using best sampled bitstring.",-30.0,0.7692307692307693,2,default_noise
ndar_vqa,3,40,00110101011001001010,01111110111110101011,01001011100111100001,00110101011001001010,-38.0,-7.29,0.9743589743589743,0.18692307692307691,0.6410256410256411,-38.0,0.9743589743589743,38.0,-25.0,0.6410256410256411,25.0,"NDAR outer step: optimize current transformed Hamiltonian, then remap using best sampled bitstring.",-38.0,0.9743589743589743,2,default_noise
ndar_vqa,4,50,01001011100111100001,00011100111111011111,01010111011000111110,01001011100111100001,-22.0,-6.19,0.5641025641025641,0.15871794871794873,0.9743589743589743,-22.0,0.5641025641025641,22.0,-38.0,0.9743589743589743,38.0,"NDAR outer step: optimize current transformed Hamiltonian, then remap using best sampled bitstring.",-38.0,0.9743589743589743,2,default_noise
ndar_vqa,5,60,01010111011000111110,01010010111110101011,00000101100110010101,01010111011000111110,-30.0,-4.87,0.7692307692307693,0.12487179487179488,0.5641025641025641,-30.0,0.7692307692307693,30.0,-22.0,0.5641025641025641,22.0,"NDAR outer step: optimize current transformed Hamiltonian, then remap using best sampled bitstring.",-38.0,0.9743589743589743,2,default_noise
random_search,0,10,00000000000000000000,11110100011010000000,11110100011010000000,00000000000000000000,-22.0,-6.35,0.5641025641025641,0.16282051282051282,-0.0,-22.0,0.5641025641025641,22.0,0.0,-0.0,0.0,Random-parameter search on original Hamiltonian; keep the best parameter vector found so far.,-22.0,0.5641025641025641,2,default_noise
random_search,1,20,00000000000000000000,11110100011010000000,11110100011010000000,00000000000000000000,-22.0,-6.37,0.5641025641025641,0.16333333333333333,-0.0,-22.0,0.5641025641025641,22.0,0.0,-0.0,0.0,Random-parameter search on original Hamiltonian; keep the best parameter vector found so far.,-22.0,0.5641025641025641,2,default_noise
random_search,2,30,00000000000000000000,11110100011010000000,11110100011010000000,00000000000000000000,-22.0,-6.47,0.5641025641025641,0.16589743589743589,-0.0,-22.0,0.5641025641025641,22.0,0.0,-0.0,0.0,Random-parameter search on original Hamiltonian; keep the best parameter vector found so far.,-22.0,0.5641025641025641,2,default_noise
random_search,3,40,00000000000000000000,10110100000010011101,10110100000010011101,00000000000000000000,-25.0,-8.51,0.6410256410256411,0.2182051282051282,-0.0,-25.0,0.6410256410256411,25.0,0.0,-0.0,0.0,Random-parameter search on original Hamiltonian; keep the best parameter vector found so far.,-25.0,0.6410256410256411,2,default_noise
random_search,4,50,00000000000000000000,01101111100111100011,01101111100111100011,00000000000000000000,-21.0,-5.22,0.5384615384615384,0.13384615384615384,-0.0,-21.0,0.5384615384615384,21.0,0.0,-0.0,0.0,Random-parameter search on original Hamiltonian; keep the best parameter vector found so far.,-25.0,0.6410256410256411,2,default_noise
random_search,5,60,00000000000000000000,01101111100111100011,01101111100111100011,00000000000000000000,-21.0,-5.23,0.5384615384615384,0.1341025641025641,-0.0,-21.0,0.5384615384615384,21.0,0.0,-0.0,0.0,Random-parameter search on original Hamiltonian; keep the best parameter vector found so far.,-25.0,0.6410256410256411,2,default_noise
ndar_no_opt,0,10,00000000000000000000,11110010011001101100,11110010011001101100,00000000000000000000,-27.0,-6.17,0.6923076923076923,0.1582051282051282,-0.0,-27.0,0.6923076923076923,27.0,0.0,-0.0,0.0,NDAR-style remap loop with fixed circuit parameters and no optimization.,-27.0,0.6923076923076923,2,default_noise
ndar_no_opt,1,20,11110010011001101100,11011111110111111001,00101101101110010101,11110010011001101100,-25.0,-7.27,0.6410256410256411,0.1864102564102564,0.6923076923076923,-25.0,0.6410256410256411,25.0,-27.0,0.6923076923076923,27.0,NDAR-style remap loop with fixed circuit parameters and no optimization.,-27.0,0.6923076923076923,2,default_noise
ndar_no_opt,2,30,00101101101110010101,11100000011011100110,11001101110101110011,00101101101110010101,-29.0,-7.68,0.7435897435897436,0.19692307692307692,0.6410256410256411,-29.0,0.7435897435897436,29.0,-25.0,0.6410256410256411,25.0,NDAR-style remap loop with fixed circuit parameters and no optimization.,-29.0,0.7435897435897436,2,default_noise
ndar_no_opt,3,40,11001101110101110011,11100000011011100110,00101101101110010101,11001101110101110011,-25.0,-9.68,0.6410256410256411,0.2482051282051282,0.7435897435897436,-25.0,0.6410256410256411,25.0,-29.0,0.7435897435897436,29.0,NDAR-style remap loop with fixed circuit parameters and no optimization.,-29.0,0.7435897435897436,2,default_noise
ndar_no_opt,4,50,00101101101110010101,11100000011011100110,11001101110101110011,00101101101110010101,-29.0,-7.91,0.7435897435897436,0.20282051282051283,0.6410256410256411,-29.0,0.7435897435897436,29.0,-25.0,0.6410256410256411,25.0,NDAR-style remap loop with fixed circuit parameters and no optimization.,-29.0,0.7435897435897436,2,default_noise
ndar_no_opt,5,60,11001101110101110011,11100000011011100110,00101101101110010101,11001101110101110011,-25.0,-9.62,0.6410256410256411,0.24666666666666665,0.7435897435897436,-25.0,0.6410256410256411,25.0,-29.0,0.7435897435897436,29.0,NDAR-style remap loop with fixed circuit parameters and no optimization.,-29.0,0.7435897435897436,2,default_noise
plain_vqa,0,10,00000000000000000000,10010101101000001001,10010101101000001001,00000000000000000000,-24.0,-8.37,0.5714285714285714,0.19928571428571426,-0.0,-24.0,0.5714285714285714,24.0,0.0,-0.0,0.0,Budget-matched cumulative optimization on original Hamiltonian.,-24.0,0.5714285714285714,3,default_noise
plain_vqa,1,20,00000000000000000000,10010101101000001001,10010101101000001001,00000000000000000000,-24.0,-8.49,0.5714285714285714,0.20214285714285715,-0.0,-24.0,0.5714285714285714,24.0,0.0,-0.0,0.0,Budget-matched cumulative optimization on original Hamiltonian.,-24.0,0.5714285714285714,3,default_noise
plain_vqa,2,30,00000000000000000000,01011011010100110101,01011011010100110101,00000000000000000000,-25.0,-10.41,0.5952380952380952,0.24785714285714286,-0.0,-25.0,0.5952380952380952,25.0,0.0,-0.0,0.0,Budget-matched cumulative optimization on original Hamiltonian.,-25.0,0.5952380952380952,3,default_noise
plain_vqa,3,40,00000000000000000000,01111100100011001110,01111100100011001110,00000000000000000000,-25.0,-10.55,0.5952380952380952,0.2511904761904762,-0.0,-25.0,0.5952380952380952,25.0,0.0,-0.0,0.0,Budget-matched cumulative optimization on original Hamiltonian.,-25.0,0.5952380952380952,3,default_noise
plain_vqa,4,50,00000000000000000000,10001010110100110101,10001010110100110101,00000000000000000000,-30.0,-11.08,0.7142857142857143,0.2638095238095238,-0.0,-30.0,0.7142857142857143,30.0,0.0,-0.0,0.0,Budget-matched cumulative optimization on original Hamiltonian.,-30.0,0.7142857142857143,3,default_noise
plain_vqa,5,60,00000000000000000000,10001010010100110110,10001010010100110110,00000000000000000000,-35.0,-12.78,0.8333333333333334,0.30428571428571427,-0.0,-35.0,0.8333333333333334,35.0,0.0,-0.0,0.0,Budget-matched cumulative optimization on original Hamiltonian.,-35.0,0.8333333333333334,3,default_noise
ndar_vqa,0,10,00000000000000000000,01100001010100110101,01100001010100110101,00000000000000000000,-23.0,-8.05,0.5476190476190477,0.19166666666666668,-0.0,-23.0,0.5476190476190477,23.0,0.0,-0.0,0.0,"NDAR outer step: optimize current transformed Hamiltonian, then remap using best sampled bitstring.",-23.0,0.5476190476190477,3,default_noise
ndar_vqa,1,20,01100001010100110101,01101110000110000011,00001111010010110110,01100001010100110101,-26.0,-8.2,0.6190476190476191,0.1952380952380952,0.5476190476190477,-26.0,0.6190476190476191,26.0,-23.0,0.5476190476190477,23.0,"NDAR outer step: optimize current transformed Hamiltonian, then remap using best sampled bitstring.",-26.0,0.6190476190476191,3,default_noise
ndar_vqa,2,30,00001111010010110110,01001101111011111110,01000010101001001000,00001111010010110110,-28.0,-8.56,0.6666666666666666,0.20380952380952383,0.6190476190476191,-28.0,0.6666666666666666,28.0,-26.0,0.6190476190476191,26.0,"NDAR outer step: optimize current transformed Hamiltonian, then remap using best sampled bitstring.",-28.0,0.6666666666666666,3,default_noise
ndar_vqa,3,40,01000010101001001000,01101001111010111110,00101011010011110110,01000010101001001000,-31.0,-11.56,0.7380952380952381,0.2752380952380952,0.6666666666666666,-31.0,0.7380952380952381,31.0,-28.0,0.6666666666666666,28.0,"NDAR outer step: optimize current transformed Hamiltonian, then remap using best sampled bitstring.",-31.0,0.7380952380952381,3,default_noise
ndar_vqa,4,50,00101011010011110110,11010011111000111110,11111000101011001000,00101011010011110110,-34.0,-9.24,0.8095238095238095,0.22,0.7380952380952381,-34.0,0.8095238095238095,34.0,-31.0,0.7380952380952381,31.0,"NDAR outer step: optimize current transformed Hamiltonian, then remap using best sampled bitstring.",-34.0,0.8095238095238095,3,default_noise
ndar_vqa,5,60,11111000101011001000,11011111001000100011,00100111100011101011,11111000101011001000,-25.0,-9.75,0.5952380952380952,0.23214285714285715,0.8095238095238095,-25.0,0.5952380952380952,25.0,-34.0,0.8095238095238095,34.0,"NDAR outer step: optimize current transformed Hamiltonian, then remap using best sampled bitstring.",-34.0,0.8095238095238095,3,default_noise
random_search,0,10,00000000000000000000,01110001101001001001,01110001101001001001,00000000000000000000,-27.0,-8.2,0.6428571428571429,0.1952380952380952,-0.0,-27.0,0.6428571428571429,27.0,0.0,-0.0,0.0,Random-parameter search on original Hamiltonian; keep the best parameter vector found so far.,-27.0,0.6428571428571429,3,default_noise
random_search,1,20,00000000000000000000,01110001101001001001,01110001101001001001,00000000000000000000,-27.0,-8.19,0.6428571428571429,0.19499999999999998,-0.0,-27.0,0.6428571428571429,27.0,0.0,-0.0,0.0,Random-parameter search on original Hamiltonian; keep the best parameter vector found so far.,-27.0,0.6428571428571429,3,default_noise
random_search,2,30,00000000000000000000,00101011000110110101,00101011000110110101,00000000000000000000,-22.0,-9.14,0.5238095238095238,0.21761904761904763,-0.0,-22.0,0.5238095238095238,22.0,0.0,-0.0,0.0,Random-parameter search on original Hamiltonian; keep the best parameter vector found so far.,-27.0,0.6428571428571429,3,default_noise
random_search,3,40,00000000000000000000,00101011000110110101,00101011000110110101,00000000000000000000,-22.0,-8.94,0.5238095238095238,0.21285714285714286,-0.0,-22.0,0.5238095238095238,22.0,0.0,-0.0,0.0,Random-parameter search on original Hamiltonian; keep the best parameter vector found so far.,-27.0,0.6428571428571429,3,default_noise
random_search,4,50,00000000000000000000,00101011000110110101,00101011000110110101,00000000000000000000,-22.0,-8.84,0.5238095238095238,0.21047619047619048,-0.0,-22.0,0.5238095238095238,22.0,0.0,-0.0,0.0,Random-parameter search on original Hamiltonian; keep the best parameter vector found so far.,-27.0,0.6428571428571429,3,default_noise
random_search,5,60,00000000000000000000,00100001010110110111,00100001010110110111,00000000000000000000,-32.0,-10.94,0.7619047619047619,0.2604761904761905,-0.0,-32.0,0.7619047619047619,32.0,0.0,-0.0,0.0,Random-parameter search on original Hamiltonian; keep the best parameter vector found so far.,-32.0,0.7619047619047619,3,default_noise
ndar_no_opt,0,10,00000000000000000000,00001110000101110110,00001110000101110110,00000000000000000000,-23.0,-9.46,0.5476190476190477,0.22523809523809527,-0.0,-23.0,0.5476190476190477,23.0,0.0,-0.0,0.0,NDAR-style remap loop with fixed circuit parameters and no optimization.,-23.0,0.5476190476190477,3,default_noise
ndar_no_opt,1,20,00001110000101110110,01010110111000111000,01011000111101001110,00001110000101110110,-21.0,-6.42,0.5,0.15285714285714286,0.5476190476190477,-21.0,0.5,21.0,-23.0,0.5476190476190477,23.0,NDAR-style remap loop with fixed circuit parameters and no optimization.,-23.0,0.5476190476190477,3,default_noise
ndar_no_opt,2,30,01011000111101001110,01010110111000111000,00001110000101110110,01011000111101001110,-23.0,-7.54,0.5476190476190477,0.17952380952380953,0.5,-23.0,0.5476190476190477,23.0,-21.0,0.5,21.0,NDAR-style remap loop with fixed circuit parameters and no optimization.,-23.0,0.5476190476190477,3,default_noise
ndar_no_opt,3,40,00001110000101110110,01010110111000111000,01011000111101001110,00001110000101110110,-21.0,-6.39,0.5,0.15214285714285714,0.5476190476190477,-21.0,0.5,21.0,-23.0,0.5476190476190477,23.0,NDAR-style remap loop with fixed circuit parameters and no optimization.,-23.0,0.5476190476190477,3,default_noise
ndar_no_opt,4,50,01011000111101001110,01010110111000111000,00001110000101110110,01011000111101001110,-23.0,-7.79,0.5476190476190477,0.1854761904761905,0.5,-23.0,0.5476190476190477,23.0,-21.0,0.5,21.0,NDAR-style remap loop with fixed circuit parameters and no optimization.,-23.0,0.5476190476190477,3,default_noise
ndar_no_opt,5,60,00001110000101110110,01010110111000111000,01011000111101001110,00001110000101110110,-21.0,-6.2,0.5,0.14761904761904762,0.5476190476190477,-21.0,0.5,21.0,-23.0,0.5476190476190477,23.0,NDAR-style remap loop with fixed circuit parameters and no optimization.,-23.0,0.5476190476190477,3,default_noise
plain_vqa,0,10,00000000000000000000,10001111010100010001,10001111010100010001,00000000000000000000,-13.0,0.05,0.4482758620689655,-0.001724137931034483,-0.0,-13.0,0.4482758620689655,13.0,0.0,-0.0,0.0,Budget-matched cumulative optimization on original Hamiltonian.,-13.0,0.4482758620689655,4,default_noise
plain_vqa,1,20,00000000000000000000,00110011010000011000,00110011010000011000,00000000000000000000,-11.0,0.1,0.3793103448275862,-0.003448275862068966,-0.0,-11.0,0.3793103448275862,11.0,0.0,-0.0,0.0,Budget-matched cumulative optimization on original Hamiltonian.,-13.0,0.4482758620689655,4,default_noise
plain_vqa,2,30,00000000000000000000,00110011010000011000,00110011010000011000,00000000000000000000,-11.0,0.02,0.3793103448275862,-0.0006896551724137932,-0.0,-11.0,0.3793103448275862,11.0,0.0,-0.0,0.0,Budget-matched cumulative optimization on original Hamiltonian.,-13.0,0.4482758620689655,4,default_noise
plain_vqa,3,40,00000000000000000000,00110011010000011000,00110011010000011000,00000000000000000000,-11.0,-0.2,0.3793103448275862,0.006896551724137932,-0.0,-11.0,0.3793103448275862,11.0,0.0,-0.0,0.0,Budget-matched cumulative optimization on original Hamiltonian.,-13.0,0.4482758620689655,4,default_noise
plain_vqa,4,50,00000000000000000000,00110011010000011000,00110011010000011000,00000000000000000000,-11.0,-0.22,0.3793103448275862,0.007586206896551724,-0.0,-11.0,0.3793103448275862,11.0,0.0,-0.0,0.0,Budget-matched cumulative optimization on original Hamiltonian.,-13.0,0.4482758620689655,4,default_noise
plain_vqa,5,60,00000000000000000000,11110111001011100111,11110111001011100111,00000000000000000000,-16.0,-2.37,0.5517241379310345,0.08172413793103449,-0.0,-16.0,0.5517241379310345,16.0,0.0,-0.0,0.0,Budget-matched cumulative optimization on original Hamiltonian.,-16.0,0.5517241379310345,4,default_noise
ndar_vqa,0,10,00000000000000000000,11001111110100000001,11001111110100000001,00000000000000000000,-16.0,-1.45,0.5517241379310345,0.049999999999999996,-0.0,-16.0,0.5517241379310345,16.0,0.0,-0.0,0.0,"NDAR outer step: optimize current transformed Hamiltonian, then remap using best sampled bitstring.",-16.0,0.5517241379310345,4,default_noise
ndar_vqa,1,20,11001111110100000001,00111111101000101110,11110000011100101111,11001111110100000001,-18.0,-1.92,0.6206896551724138,0.06620689655172414,0.5517241379310345,-18.0,0.6206896551724138,18.0,-16.0,0.5517241379310345,16.0,"NDAR outer step: optimize current transformed Hamiltonian, then remap using best sampled bitstring.",-18.0,0.6206896551724138,4,default_noise
ndar_vqa,2,30,11110000011100101111,00101111010111011111,11011111001011110000,11110000011100101111,-16.0,0.22,0.5517241379310345,-0.007586206896551724,0.6206896551724138,-16.0,0.5517241379310345,16.0,-18.0,0.6206896551724138,18.0,"NDAR outer step: optimize current transformed Hamiltonian, then remap using best sampled bitstring.",-18.0,0.6206896551724138,4,default_noise
ndar_vqa,3,40,11011111001011110000,00011111000100010111,11000000001111100111,11011111001011110000,-18.0,-2.63,0.6206896551724138,0.09068965517241379,0.5517241379310345,-18.0,0.6206896551724138,18.0,-16.0,0.5517241379310345,16.0,"NDAR outer step: optimize current transformed Hamiltonian, then remap using best sampled bitstring.",-18.0,0.6206896551724138,4,default_noise
ndar_vqa,4,50,11000000001111100111,00110010100100010011,11110010101011110100,11000000001111100111,-16.0,-1.67,0.5517241379310345,0.05758620689655172,0.6206896551724138,-16.0,0.5517241379310345,16.0,-18.0,0.6206896551724138,18.0,"NDAR outer step: optimize current transformed Hamiltonian, then remap using best sampled bitstring.",-18.0,0.6206896551724138,4,default_noise
ndar_vqa,5,60,11110010101011110100,11000010001001000000,00110000100010110100,11110010101011110100,-13.0,0.8,0.4482758620689655,-0.027586206896551727,0.5517241379310345,-13.0,0.4482758620689655,13.0,-16.0,0.5517241379310345,16.0,"NDAR outer step: optimize current transformed Hamiltonian, then remap using best sampled bitstring.",-18.0,0.6206896551724138,4,default_noise
random_search,0,10,00000000000000000000,00101011110110011000,00101011110110011000,00000000000000000000,-16.0,-1.33,0.5517241379310345,0.04586206896551724,-0.0,-16.0,0.5517241379310345,16.0,0.0,-0.0,0.0,Random-parameter search on original Hamiltonian; keep the best parameter vector found so far.,-16.0,0.5517241379310345,4,default_noise
random_search,1,20,00000000000000000000,00101111100011111100,00101111100011111100,00000000000000000000,-16.0,-2.38,0.5517241379310345,0.08206896551724138,-0.0,-16.0,0.5517241379310345,16.0,0.0,-0.0,0.0,Random-parameter search on original Hamiltonian; keep the best parameter vector found so far.,-16.0,0.5517241379310345,4,default_noise
random_search,2,30,00000000000000000000,10111000011100111010,10111000011100111010,00000000000000000000,-17.0,-2.42,0.5862068965517241,0.08344827586206896,-0.0,-17.0,0.5862068965517241,17.0,0.0,-0.0,0.0,Random-parameter search on original Hamiltonian; keep the best parameter vector found so far.,-17.0,0.5862068965517241,4,default_noise
random_search,3,40,00000000000000000000,10100111101011111101,10100111101011111101,00000000000000000000,-20.0,-2.09,0.6896551724137931,0.07206896551724137,-0.0,-20.0,0.6896551724137931,20.0,0.0,-0.0,0.0,Random-parameter search on original Hamiltonian; keep the best parameter vector found so far.,-20.0,0.6896551724137931,4,default_noise
random_search,4,50,00000000000000000000,10100111101011111101,10100111101011111101,00000000000000000000,-20.0,-2.26,0.6896551724137931,0.07793103448275861,-0.0,-20.0,0.6896551724137931,20.0,0.0,-0.0,0.0,Random-parameter search on original Hamiltonian; keep the best parameter vector found so far.,-20.0,0.6896551724137931,4,default_noise
random_search,5,60,00000000000000000000,11111000101111100111,11111000101111100111,00000000000000000000,-20.0,-2.3,0.6896551724137931,0.0793103448275862,-0.0,-20.0,0.6896551724137931,20.0,0.0,-0.0,0.0,Random-parameter search on original Hamiltonian; keep the best parameter vector found so far.,-20.0,0.6896551724137931,4,default_noise
ndar_no_opt,0,10,00000000000000000000,10111000001100101010,10111000001100101010,00000000000000000000,-17.0,-0.77,0.5862068965517241,0.026551724137931033,-0.0,-17.0,0.5862068965517241,17.0,0.0,-0.0,0.0,NDAR-style remap loop with fixed circuit parameters and no optimization.,-17.0,0.5862068965517241,4,default_noise
ndar_no_opt,1,20,10111000001100101010,10001110101100010010,00110110100000111000,10111000001100101010,-16.0,0.05,0.5517241379310345,-0.001724137931034483,0.5862068965517241,-16.0,0.5517241379310345,16.0,-17.0,0.5862068965517241,17.0,NDAR-style remap loop with fixed circuit parameters and no optimization.,-17.0,0.5862068965517241,4,default_noise
ndar_no_opt,2,30,00110110100000111000,01001110110100011010,01111000010100100010,00110110100000111000,-18.0,0.39,0.6206896551724138,-0.013448275862068966,0.5517241379310345,-18.0,0.6206896551724138,18.0,-16.0,0.5517241379310345,16.0,NDAR-style remap loop with fixed circuit parameters and no optimization.,-18.0,0.6206896551724138,4,default_noise
ndar_no_opt,3,40,01111000010100100010,01001110110100011010,00110110100000111000,01111000010100100010,-16.0,0.23,0.5517241379310345,-0.007931034482758621,0.6206896551724138,-16.0,0.5517241379310345,16.0,-18.0,0.6206896551724138,18.0,NDAR-style remap loop with fixed circuit parameters and no optimization.,-18.0,0.6206896551724138,4,default_noise
ndar_no_opt,4,50,00110110100000111000,01001110110100011010,01111000010100100010,00110110100000111000,-18.0,0.41,0.6206896551724138,-0.014137931034482758,0.5517241379310345,-18.0,0.6206896551724138,18.0,-16.0,0.5517241379310345,16.0,NDAR-style remap loop with fixed circuit parameters and no optimization.,-18.0,0.6206896551724138,4,default_noise
ndar_no_opt,5,60,01111000010100100010,01001110110100011010,00110110100000111000,01111000010100100010,-16.0,0.1,0.5517241379310345,-0.003448275862068966,0.6206896551724138,-16.0,0.5517241379310345,16.0,-18.0,0.6206896551724138,18.0,NDAR-style remap loop with fixed circuit parameters and no optimization.,-18.0,0.6206896551724138,4,default_noise
plain_vqa,0,10,00000000000000000000,11111110101011011100,11111110101011011100,00000000000000000000,-6.0,10.24,0.4,-0.6826666666666666,-0.0,-6.0,0.4,6.0,0.0,-0.0,0.0,Budget-matched cumulative optimization on original Hamiltonian.,-6.0,0.4,5,default_noise
plain_vqa,1,20,00000000000000000000,11111110101011011100,11111110101011011100,00000000000000000000,-6.0,10.17,0.4,-0.678,-0.0,-6.0,0.4,6.0,0.0,-0.0,0.0,Budget-matched cumulative optimization on original Hamiltonian.,-6.0,0.4,5,default_noise
plain_vqa,2,30,00000000000000000000,00111100101101101001,00111100101101101001,00000000000000000000,-9.0,11.37,0.6,-0.7579999999999999,-0.0,-9.0,0.6,9.0,0.0,-0.0,0.0,Budget-matched cumulative optimization on original Hamiltonian.,-9.0,0.6,5,default_noise
plain_vqa,3,40,00000000000000000000,00111111101101101001,00111111101101101001,00000000000000000000,-11.0,9.93,0.7333333333333333,-0.662,-0.0,-11.0,0.7333333333333333,11.0,0.0,-0.0,0.0,Budget-matched cumulative optimization on original Hamiltonian.,-11.0,0.7333333333333333,5,default_noise
plain_vqa,4,50,00000000000000000000,00111111101101101001,00111111101101101001,00000000000000000000,-11.0,9.95,0.7333333333333333,-0.6633333333333333,-0.0,-11.0,0.7333333333333333,11.0,0.0,-0.0,0.0,Budget-matched cumulative optimization on original Hamiltonian.,-11.0,0.7333333333333333,5,default_noise
plain_vqa,5,60,00000000000000000000,00111111101101101001,00111111101101101001,00000000000000000000,-11.0,9.92,0.7333333333333333,-0.6613333333333333,-0.0,-11.0,0.7333333333333333,11.0,0.0,-0.0,0.0,Budget-matched cumulative optimization on original Hamiltonian.,-11.0,0.7333333333333333,5,default_noise
ndar_vqa,0,10,00000000000000000000,11111111001101001011,11111111001101001011,00000000000000000000,-10.0,9.68,0.6666666666666666,-0.6453333333333333,-0.0,-10.0,0.6666666666666666,10.0,0.0,-0.0,0.0,"NDAR outer step: optimize current transformed Hamiltonian, then remap using best sampled bitstring.",-10.0,0.6666666666666666,5,default_noise
ndar_vqa,1,20,11111111001101001011,11111111011101101011,00000000010000100000,11111111001101001011,-6.0,12.27,0.4,-0.818,0.6666666666666666,-6.0,0.4,6.0,-10.0,0.6666666666666666,10.0,"NDAR outer step: optimize current transformed Hamiltonian, then remap using best sampled bitstring.",-10.0,0.6666666666666666,5,default_noise
ndar_vqa,2,30,00000000010000100000,11111111010111101010,11111111000111001010,00000000010000100000,-7.0,12.27,0.4666666666666667,-0.818,0.4,-7.0,0.4666666666666667,7.0,-6.0,0.4,6.0,"NDAR outer step: optimize current transformed Hamiltonian, then remap using best sampled bitstring.",-10.0,0.6666666666666666,5,default_noise
ndar_vqa,3,40,11111111000111001010,11111111010111101010,00000000010000100000,11111111000111001010,-6.0,10.47,0.4,-0.6980000000000001,0.4666666666666667,-6.0,0.4,6.0,-7.0,0.4666666666666667,7.0,"NDAR outer step: optimize current transformed Hamiltonian, then remap using best sampled bitstring.",-10.0,0.6666666666666666,5,default_noise
ndar_vqa,4,50,00000000010000100000,11111111011101101011,11111111001101001011,00000000010000100000,-10.0,11.34,0.6666666666666666,-0.756,0.4,-10.0,0.6666666666666666,10.0,-6.0,0.4,6.0,"NDAR outer step: optimize current transformed Hamiltonian, then remap using best sampled bitstring.",-10.0,0.6666666666666666,5,default_noise
ndar_vqa,5,60,11111111001101001011,00101111010110011011,11010000011011010000,11111111001101001011,-6.0,10.86,0.4,-0.724,0.6666666666666666,-6.0,0.4,6.0,-10.0,0.6666666666666666,10.0,"NDAR outer step: optimize current transformed Hamiltonian, then remap using best sampled bitstring.",-10.0,0.6666666666666666,5,default_noise
random_search,0,10,00000000000000000000,10101011000100101011,10101011000100101011,00000000000000000000,-4.0,12.48,0.26666666666666666,-0.8320000000000001,-0.0,-4.0,0.26666666666666666,4.0,0.0,-0.0,0.0,Random-parameter search on original Hamiltonian; keep the best parameter vector found so far.,-4.0,0.26666666666666666,5,default_noise
random_search,1,20,00000000000000000000,00100111001100011011,00100111001100011011,00000000000000000000,-2.0,11.89,0.13333333333333333,-0.7926666666666667,-0.0,-2.0,0.13333333333333333,2.0,0.0,-0.0,0.0,Random-parameter search on original Hamiltonian; keep the best parameter vector found so far.,-4.0,0.26666666666666666,5,default_noise
random_search,2,30,00000000000000000000,00100111001100011011,00100111001100011011,00000000000000000000,-2.0,12.04,0.13333333333333333,-0.8026666666666666,-0.0,-2.0,0.13333333333333333,2.0,0.0,-0.0,0.0,Random-parameter search on original Hamiltonian; keep the best parameter vector found so far.,-4.0,0.26666666666666666,5,default_noise
random_search,3,40,00000000000000000000,00100111001100011011,00100111001100011011,00000000000000000000,-2.0,11.98,0.13333333333333333,-0.7986666666666667,-0.0,-2.0,0.13333333333333333,2.0,0.0,-0.0,0.0,Random-parameter search on original Hamiltonian; keep the best parameter vector found so far.,-4.0,0.26666666666666666,5,default_noise
random_search,4,50,00000000000000000000,10000000110000100101,10000000110000100101,00000000000000000000,-10.0,11.89,0.6666666666666666,-0.7926666666666667,-0.0,-10.0,0.6666666666666666,10.0,0.0,-0.0,0.0,Random-parameter search on original Hamiltonian; keep the best parameter vector found so far.,-10.0,0.6666666666666666,5,default_noise
random_search,5,60,00000000000000000000,10000000110000100101,10000000110000100101,00000000000000000000,-10.0,11.76,0.6666666666666666,-0.784,-0.0,-10.0,0.6666666666666666,10.0,0.0,-0.0,0.0,Random-parameter search on original Hamiltonian; keep the best parameter vector found so far.,-10.0,0.6666666666666666,5,default_noise
ndar_no_opt,0,10,00000000000000000000,00111110001101101001,00111110001101101001,00000000000000000000,-5.0,9.9,0.3333333333333333,-0.66,-0.0,-5.0,0.3333333333333333,5.0,0.0,-0.0,0.0,NDAR-style remap loop with fixed circuit parameters and no optimization.,-5.0,0.3333333333333333,5,default_noise
ndar_no_opt,1,20,00111110001101101001,11111111011110101001,11000001010011000000,00111110001101101001,-4.0,13.02,0.26666666666666666,-0.868,0.3333333333333333,-4.0,0.26666666666666666,4.0,-5.0,0.3333333333333333,5.0,NDAR-style remap loop with fixed circuit parameters and no optimization.,-5.0,0.3333333333333333,5,default_noise
ndar_no_opt,2,30,11000001010011000000,11111111011110101001,00111110001101101001,11000001010011000000,-5.0,12.69,0.3333333333333333,-0.846,0.26666666666666666,-5.0,0.3333333333333333,5.0,-4.0,0.26666666666666666,4.0,NDAR-style remap loop with fixed circuit parameters and no optimization.,-5.0,0.3333333333333333,5,default_noise
ndar_no_opt,3,40,00111110001101101001,11111111011110101001,11000001010011000000,00111110001101101001,-4.0,13.1,0.26666666666666666,-0.8733333333333333,0.3333333333333333,-4.0,0.26666666666666666,4.0,-5.0,0.3333333333333333,5.0,NDAR-style remap loop with fixed circuit parameters and no optimization.,-5.0,0.3333333333333333,5,default_noise
ndar_no_opt,4,50,11000001010011000000,11111111011110101001,00111110001101101001,11000001010011000000,-5.0,12.61,0.3333333333333333,-0.8406666666666667,0.26666666666666666,-5.0,0.3333333333333333,5.0,-4.0,0.26666666666666666,4.0,NDAR-style remap loop with fixed circuit parameters and no optimization.,-5.0,0.3333333333333333,5,default_noise
ndar_no_opt,5,60,00111110001101101001,11111111011110101001,11000001010011000000,00111110001101101001,-4.0,13.11,0.26666666666666666,-0.874,0.3333333333333333,-4.0,0.26666666666666666,4.0,-5.0,0.3333333333333333,5.0,NDAR-style remap loop with fixed circuit parameters and no optimization.,-5.0,0.3333333333333333,5,default_noise
plain_vqa,0,10,00000000000000000000,11101110011110101011,11101110011110101011,00000000000000000000,-24.0,-9.58,0.6,0.2395,-0.0,-24.0,0.6,24.0,0.0,-0.0,0.0,Budget-matched cumulative optimization on original Hamiltonian.,-24.0,0.6,6,default_noise
plain_vqa,1,20,00000000000000000000,10001110100111101011,10001110100111101011,00000000000000000000,-30.0,-10.61,0.75,0.26525,-0.0,-30.0,0.75,30.0,0.0,-0.0,0.0,Budget-matched cumulative optimization on original Hamiltonian.,-30.0,0.75,6,default_noise
plain_vqa,2,30,00000000000000000000,01111110100101101011,01111110100101101011,00000000000000000000,-29.0,-11.12,0.725,0.27799999999999997,-0.0,-29.0,0.725,29.0,0.0,-0.0,0.0,Budget-matched cumulative optimization on original Hamiltonian.,-30.0,0.75,6,default_noise
plain_vqa,3,40,00000000000000000000,01111110100101101011,01111110100101101011,00000000000000000000,-29.0,-11.19,0.725,0.27975,-0.0,-29.0,0.725,29.0,0.0,-0.0,0.0,Budget-matched cumulative optimization on original Hamiltonian.,-30.0,0.75,6,default_noise
plain_vqa,4,50,00000000000000000000,11001110100101101011,11001110100101101011,00000000000000000000,-36.0,-13.47,0.9,0.33675,-0.0,-36.0,0.9,36.0,0.0,-0.0,0.0,Budget-matched cumulative optimization on original Hamiltonian.,-36.0,0.9,6,default_noise
plain_vqa,5,60,00000000000000000000,11001110100101101011,11001110100101101011,00000000000000000000,-36.0,-13.09,0.9,0.32725,-0.0,-36.0,0.9,36.0,0.0,-0.0,0.0,Budget-matched cumulative optimization on original Hamiltonian.,-36.0,0.9,6,default_noise
ndar_vqa,0,10,00000000000000000000,01001111110110111001,01001111110110111001,00000000000000000000,-23.0,-8.26,0.575,0.2065,-0.0,-23.0,0.575,23.0,0.0,-0.0,0.0,"NDAR outer step: optimize current transformed Hamiltonian, then remap using best sampled bitstring.",-23.0,0.575,6,default_noise
ndar_vqa,1,20,01001111110110111001,01111110110111111110,00110001000001000111,01001111110110111001,-21.0,-5.26,0.525,0.1315,0.575,-21.0,0.525,21.0,-23.0,0.575,23.0,"NDAR outer step: optimize current transformed Hamiltonian, then remap using best sampled bitstring.",-23.0,0.575,6,default_noise
ndar_vqa,2,30,00110001000001000111,10111111000110101000,10001110000111101111,00110001000001000111,-28.0,-8.94,0.7,0.22349999999999998,0.525,-28.0,0.7,28.0,-21.0,0.525,21.0,"NDAR outer step: optimize current transformed Hamiltonian, then remap using best sampled bitstring.",-28.0,0.7,6,default_noise
ndar_vqa,3,40,10001110000111101111,10111110101111111001,00110000101000010110,10001110000111101111,-23.0,-6.62,0.575,0.1655,0.7,-23.0,0.575,23.0,-28.0,0.7,28.0,"NDAR outer step: optimize current transformed Hamiltonian, then remap using best sampled bitstring.",-28.0,0.7,6,default_noise
ndar_vqa,4,50,00110000101000010110,10100011001101101010,10010011100101111100,00110000101000010110,-23.0,-7.61,0.575,0.19025,0.575,-23.0,0.575,23.0,-23.0,0.575,23.0,"NDAR outer step: optimize current transformed Hamiltonian, then remap using best sampled bitstring.",-28.0,0.7,6,default_noise
ndar_vqa,5,60,10010011100101111100,10100010011100001010,00110001111001110110,10010011100101111100,-27.0,-9.55,0.675,0.23875000000000002,0.575,-27.0,0.675,27.0,-23.0,0.575,23.0,"NDAR outer step: optimize current transformed Hamiltonian, then remap using best sampled bitstring.",-28.0,0.7,6,default_noise
random_search,0,10,00000000000000000000,11001110010100111001,11001110010100111001,00000000000000000000,-29.0,-7.88,0.725,0.197,-0.0,-29.0,0.725,29.0,0.0,-0.0,0.0,Random-parameter search on original Hamiltonian; keep the best parameter vector found so far.,-29.0,0.725,6,default_noise
random_search,1,20,00000000000000000000,10110001011001010110,10110001011001010110,00000000000000000000,-30.0,-10.33,0.75,0.25825,-0.0,-30.0,0.75,30.0,0.0,-0.0,0.0,Random-parameter search on original Hamiltonian; keep the best parameter vector found so far.,-30.0,0.75,6,default_noise
random_search,2,30,00000000000000000000,10110001011001010110,10110001011001010110,00000000000000000000,-30.0,-10.15,0.75,0.25375000000000003,-0.0,-30.0,0.75,30.0,0.0,-0.0,0.0,Random-parameter search on original Hamiltonian; keep the best parameter vector found so far.,-30.0,0.75,6,default_noise
random_search,3,40,00000000000000000000,10110001011001010110,10110001011001010110,00000000000000000000,-30.0,-10.29,0.75,0.25725,-0.0,-30.0,0.75,30.0,0.0,-0.0,0.0,Random-parameter search on original Hamiltonian; keep the best parameter vector found so far.,-30.0,0.75,6,default_noise
random_search,4,50,00000000000000000000,10110001011001010110,10110001011001010110,00000000000000000000,-30.0,-10.26,0.75,0.2565,-0.0,-30.0,0.75,30.0,0.0,-0.0,0.0,Random-parameter search on original Hamiltonian; keep the best parameter vector found so far.,-30.0,0.75,6,default_noise
random_search,5,60,00000000000000000000,10110001011001010110,10110001011001010110,00000000000000000000,-30.0,-10.23,0.75,0.25575000000000003,-0.0,-30.0,0.75,30.0,0.0,-0.0,0.0,Random-parameter search on original Hamiltonian; keep the best parameter vector found so far.,-30.0,0.75,6,default_noise
ndar_no_opt,0,10,00000000000000000000,10001111010100101011,10001111010100101011,00000000000000000000,-25.0,-7.79,0.625,0.19475,-0.0,-25.0,0.625,25.0,0.0,-0.0,0.0,NDAR-style remap loop with fixed circuit parameters and no optimization.,-25.0,0.625,6,default_noise
ndar_no_opt,1,20,10001111010100101011,10001110001100111101,00000001011000010110,10001111010100101011,-26.0,-5.92,0.65,0.148,0.625,-26.0,0.65,26.0,-25.0,0.625,25.0,NDAR-style remap loop with fixed circuit parameters and no optimization.,-26.0,0.65,6,default_noise
ndar_no_opt,2,30,00000001011000010110,10001110001100111101,10001111010100101011,00000001011000010110,-25.0,-7.62,0.625,0.1905,0.65,-25.0,0.625,25.0,-26.0,0.65,26.0,NDAR-style remap loop with fixed circuit parameters and no optimization.,-26.0,0.65,6,default_noise
ndar_no_opt,3,40,10001111010100101011,10001110001100111101,00000001011000010110,10001111010100101011,-26.0,-5.98,0.65,0.14950000000000002,0.625,-26.0,0.65,26.0,-25.0,0.625,25.0,NDAR-style remap loop with fixed circuit parameters and no optimization.,-26.0,0.65,6,default_noise
ndar_no_opt,4,50,00000001011000010110,10001110001100111101,10001111010100101011,00000001011000010110,-25.0,-7.64,0.625,0.191,0.65,-25.0,0.625,25.0,-26.0,0.65,26.0,NDAR-style remap loop with fixed circuit parameters and no optimization.,-26.0,0.65,6,default_noise
ndar_no_opt,5,60,10001111010100101011,10001110001100111101,00000001011000010110,10001111010100101011,-26.0,-6.15,0.65,0.15375,0.625,-26.0,0.65,26.0,-25.0,0.625,25.0,NDAR-style remap loop with fixed circuit parameters and no optimization.,-26.0,0.65,6,default_noise
plain_vqa,0,10,00000000000000000000,10111101111110001011,10111101111110001011,00000000000000000000,-26.0,-8.56,0.65,0.21400000000000002,-0.0,-26.0,0.65,26.0,0.0,-0.0,0.0,Budget-matched cumulative optimization on original Hamiltonian.,-26.0,0.65,7,default_noise
plain_vqa,1,20,00000000000000000000,10101001100010001011,10101001100010001011,00000000000000000000,-25.0,-9.63,0.625,0.24075000000000002,-0.0,-25.0,0.625,25.0,0.0,-0.0,0.0,Budget-matched cumulative optimization on original Hamiltonian.,-26.0,0.65,7,default_noise
plain_vqa,2,30,00000000000000000000,10100101100001001011,10100101100001001011,00000000000000000000,-29.0,-10.23,0.725,0.25575000000000003,-0.0,-29.0,0.725,29.0,0.0,-0.0,0.0,Budget-matched cumulative optimization on original Hamiltonian.,-29.0,0.725,7,default_noise
plain_vqa,3,40,00000000000000000000,10101101000001000001,10101101000001000001,00000000000000000000,-27.0,-10.77,0.675,0.26925,-0.0,-27.0,0.675,27.0,0.0,-0.0,0.0,Budget-matched cumulative optimization on original Hamiltonian.,-29.0,0.725,7,default_noise
plain_vqa,4,50,00000000000000000000,10101101000001000001,10101101000001000001,00000000000000000000,-27.0,-11.13,0.675,0.27825,-0.0,-27.0,0.675,27.0,0.0,-0.0,0.0,Budget-matched cumulative optimization on original Hamiltonian.,-29.0,0.725,7,default_noise
plain_vqa,5,60,00000000000000000000,10101101000001000001,10101101000001000001,00000000000000000000,-27.0,-11.09,0.675,0.27725,-0.0,-27.0,0.675,27.0,0.0,-0.0,0.0,Budget-matched cumulative optimization on original Hamiltonian.,-29.0,0.725,7,default_noise
ndar_vqa,0,10,00000000000000000000,10110110110001011011,10110110110001011011,00000000000000000000,-26.0,-8.08,0.65,0.202,-0.0,-26.0,0.65,26.0,0.0,-0.0,0.0,"NDAR outer step: optimize current transformed Hamiltonian, then remap using best sampled bitstring.",-26.0,0.65,7,default_noise
ndar_vqa,1,20,10110110110001011011,10011101110100011001,00101011000101000010,10110110110001011011,-21.0,-6.22,0.525,0.1555,0.65,-21.0,0.525,21.0,-26.0,0.65,26.0,"NDAR outer step: optimize current transformed Hamiltonian, then remap using best sampled bitstring.",-26.0,0.65,7,default_noise
ndar_vqa,2,30,00101011000101000010,10000010101101011011,10101001101000011001,00101011000101000010,-19.0,-6.24,0.475,0.156,0.525,-19.0,0.475,19.0,-21.0,0.525,21.0,"NDAR outer step: optimize current transformed Hamiltonian, then remap using best sampled bitstring.",-26.0,0.65,7,default_noise
ndar_vqa,3,40,10101001101000011001,01001111111011000110,11100110010011011111,10101001101000011001,-23.0,-6.88,0.575,0.172,0.475,-23.0,0.575,23.0,-19.0,0.475,19.0,"NDAR outer step: optimize current transformed Hamiltonian, then remap using best sampled bitstring.",-26.0,0.65,7,default_noise
ndar_vqa,4,50,11100110010011011111,01001011101101011101,10101101111110000010,11100110010011011111,-27.0,-8.1,0.675,0.20249999999999999,0.575,-27.0,0.675,27.0,-23.0,0.575,23.0,"NDAR outer step: optimize current transformed Hamiltonian, then remap using best sampled bitstring.",-27.0,0.675,7,default_noise
ndar_vqa,5,60,10101101111110000010,00100010110011001011,10001111001101001001,10101101111110000010,-24.0,-6.66,0.6,0.1665,0.675,-24.0,0.6,24.0,-27.0,0.675,27.0,"NDAR outer step: optimize current transformed Hamiltonian, then remap using best sampled bitstring.",-27.0,0.675,7,default_noise
random_search,0,10,00000000000000000000,10111001100110000101,10111001100110000101,00000000000000000000,-22.0,-7.11,0.55,0.17775000000000002,-0.0,-22.0,0.55,22.0,0.0,-0.0,0.0,Random-parameter search on original Hamiltonian; keep the best parameter vector found so far.,-22.0,0.55,7,default_noise
random_search,1,20,00000000000000000000,10111001100110000101,10111001100110000101,00000000000000000000,-22.0,-7.13,0.55,0.17825,-0.0,-22.0,0.55,22.0,0.0,-0.0,0.0,Random-parameter search on original Hamiltonian; keep the best parameter vector found so far.,-22.0,0.55,7,default_noise
random_search,2,30,00000000000000000000,10111101110101001001,10111101110101001001,00000000000000000000,-28.0,-8.08,0.7,0.202,-0.0,-28.0,0.7,28.0,0.0,-0.0,0.0,Random-parameter search on original Hamiltonian; keep the best parameter vector found so far.,-28.0,0.7,7,default_noise
random_search,3,40,00000000000000000000,10111101110101001001,10111101110101001001,00000000000000000000,-28.0,-8.07,0.7,0.20175,-0.0,-28.0,0.7,28.0,0.0,-0.0,0.0,Random-parameter search on original Hamiltonian; keep the best parameter vector found so far.,-28.0,0.7,7,default_noise
random_search,4,50,00000000000000000000,10111101110101001001,10111101110101001001,00000000000000000000,-28.0,-8.22,0.7,0.20550000000000002,-0.0,-28.0,0.7,28.0,0.0,-0.0,0.0,Random-parameter search on original Hamiltonian; keep the best parameter vector found so far.,-28.0,0.7,7,default_noise
random_search,5,60,00000000000000000000,10111101110101001001,10111101110101001001,00000000000000000000,-28.0,-8.02,0.7,0.20049999999999998,-0.0,-28.0,0.7,28.0,0.0,-0.0,0.0,Random-parameter search on original Hamiltonian; keep the best parameter vector found so far.,-28.0,0.7,7,default_noise
ndar_no_opt,0,10,00000000000000000000,10101101111100011011,10101101111100011011,00000000000000000000,-25.0,-7.25,0.625,0.18125,-0.0,-25.0,0.625,25.0,0.0,-0.0,0.0,NDAR-style remap loop with fixed circuit parameters and no optimization.,-25.0,0.625,7,default_noise
ndar_no_opt,1,20,10101101111100011011,11010110111111111101,01111011000011100110,10101101111100011011,-19.0,-4.25,0.475,0.10625,0.625,-19.0,0.475,19.0,-25.0,0.625,25.0,NDAR-style remap loop with fixed circuit parameters and no optimization.,-25.0,0.625,7,default_noise
ndar_no_opt,2,30,01111011000011100110,11010110111111111101,10101101111100011011,01111011000011100110,-25.0,-6.55,0.625,0.16375,0.475,-25.0,0.625,25.0,-19.0,0.475,19.0,NDAR-style remap loop with fixed circuit parameters and no optimization.,-25.0,0.625,7,default_noise
ndar_no_opt,3,40,10101101111100011011,11010110111111111101,01111011000011100110,10101101111100011011,-19.0,-4.24,0.475,0.10600000000000001,0.625,-19.0,0.475,19.0,-25.0,0.625,25.0,NDAR-style remap loop with fixed circuit parameters and no optimization.,-25.0,0.625,7,default_noise
ndar_no_opt,4,50,01111011000011100110,11010110111111111101,10101101111100011011,01111011000011100110,-25.0,-6.55,0.625,0.16375,0.475,-25.0,0.625,25.0,-19.0,0.475,19.0,NDAR-style remap loop with fixed circuit parameters and no optimization.,-25.0,0.625,7,default_noise
ndar_no_opt,5,60,10101101111100011011,11010110111111111101,01111011000011100110,10101101111100011011,-19.0,-4.09,0.475,0.10225,0.625,-19.0,0.475,19.0,-25.0,0.625,25.0,NDAR-style remap loop with fixed circuit parameters and no optimization.,-25.0,0.625,7,default_noise
plain_vqa,0,10,00000000000000000000,11001110000010000100,11001110000010000100,00000000000000000000,-15.0,3.7,0.6521739130434783,-0.16086956521739132,-0.0,-15.0,0.6521739130434783,15.0,0.0,-0.0,0.0,Budget-matched cumulative optimization on original Hamiltonian.,-15.0,0.6521739130434783,8,default_noise
plain_vqa,1,20,00000000000000000000,11001110000010000100,11001110000010000100,00000000000000000000,-15.0,2.97,0.6521739130434783,-0.12913043478260872,-0.0,-15.0,0.6521739130434783,15.0,0.0,-0.0,0.0,Budget-matched cumulative optimization on original Hamiltonian.,-15.0,0.6521739130434783,8,default_noise
plain_vqa,2,30,00000000000000000000,10001000001010000101,10001000001010000101,00000000000000000000,-16.0,2.27,0.6956521739130435,-0.09869565217391305,-0.0,-16.0,0.6956521739130435,16.0,0.0,-0.0,0.0,Budget-matched cumulative optimization on original Hamiltonian.,-16.0,0.6956521739130435,8,default_noise
plain_vqa,3,40,00000000000000000000,10001110000010000100,10001110000010000100,00000000000000000000,-16.0,1.31,0.6956521739130435,-0.05695652173913044,-0.0,-16.0,0.6956521739130435,16.0,0.0,-0.0,0.0,Budget-matched cumulative optimization on original Hamiltonian.,-16.0,0.6956521739130435,8,default_noise
plain_vqa,4,50,00000000000000000000,10001110000010000100,10001110000010000100,00000000000000000000,-16.0,1.11,0.6956521739130435,-0.0482608695652174,-0.0,-16.0,0.6956521739130435,16.0,0.0,-0.0,0.0,Budget-matched cumulative optimization on original Hamiltonian.,-16.0,0.6956521739130435,8,default_noise
plain_vqa,5,60,00000000000000000000,10001000001010000101,10001000001010000101,00000000000000000000,-16.0,0.83,0.6956521739130435,-0.03608695652173913,-0.0,-16.0,0.6956521739130435,16.0,0.0,-0.0,0.0,Budget-matched cumulative optimization on original Hamiltonian.,-16.0,0.6956521739130435,8,default_noise
ndar_vqa,0,10,00000000000000000000,11100011100110110100,11100011100110110100,00000000000000000000,-7.0,4.17,0.30434782608695654,-0.18130434782608695,-0.0,-7.0,0.30434782608695654,7.0,0.0,-0.0,0.0,"NDAR outer step: optimize current transformed Hamiltonian, then remap using best sampled bitstring.",-7.0,0.30434782608695654,8,default_noise
ndar_vqa,1,20,11100011100110110100,10101110110110010101,01001101010000100001,11100011100110110100,-13.0,5.91,0.5652173913043478,-0.2569565217391304,0.30434782608695654,-13.0,0.5652173913043478,13.0,-7.0,0.30434782608695654,7.0,"NDAR outer step: optimize current transformed Hamiltonian, then remap using best sampled bitstring.",-13.0,0.5652173913043478,8,default_noise
ndar_vqa,2,30,01001101010000100001,00000010000101100001,01001111010101000000,01001101010000100001,-16.0,4.33,0.6956521739130435,-0.1882608695652174,0.5652173913043478,-16.0,0.6956521739130435,16.0,-13.0,0.5652173913043478,13.0,"NDAR outer step: optimize current transformed Hamiltonian, then remap using best sampled bitstring.",-16.0,0.6956521739130435,8,default_noise
ndar_vqa,3,40,01001111010101000000,11000010000100100001,10001101010001100001,01001111010101000000,-10.0,5.0,0.43478260869565216,-0.21739130434782608,0.6956521739130435,-10.0,0.43478260869565216,10.0,-16.0,0.6956521739130435,16.0,"NDAR outer step: optimize current transformed Hamiltonian, then remap using best sampled bitstring.",-16.0,0.6956521739130435,8,default_noise
ndar_vqa,4,50,10001101010001100001,11000010001000100000,01001111011001000001,10001101010001100001,-13.0,4.37,0.5652173913043478,-0.19,0.43478260869565216,-13.0,0.5652173913043478,13.0,-10.0,0.43478260869565216,10.0,"NDAR outer step: optimize current transformed Hamiltonian, then remap using best sampled bitstring.",-16.0,0.6956521739130435,8,default_noise
ndar_vqa,5,60,01001111011001000001,11101110110110111111,10100001101111111110,01001111011001000001,-17.0,5.24,0.7391304347826086,-0.22782608695652176,0.5652173913043478,-17.0,0.7391304347826086,17.0,-13.0,0.5652173913043478,13.0,"NDAR outer step: optimize current transformed Hamiltonian, then remap using best sampled bitstring.",-17.0,0.7391304347826086,8,default_noise
random_search,0,10,00000000000000000000,11101100000000000101,11101100000000000101,00000000000000000000,-15.0,3.72,0.6521739130434783,-0.1617391304347826,-0.0,-15.0,0.6521739130434783,15.0,0.0,-0.0,0.0,Random-parameter search on original Hamiltonian; keep the best parameter vector found so far.,-15.0,0.6521739130434783,8,default_noise
random_search,1,20,00000000000000000000,11101100000000000101,11101100000000000101,00000000000000000000,-15.0,3.74,0.6521739130434783,-0.16260869565217392,-0.0,-15.0,0.6521739130434783,15.0,0.0,-0.0,0.0,Random-parameter search on original Hamiltonian; keep the best parameter vector found so far.,-15.0,0.6521739130434783,8,default_noise
random_search,2,30,00000000000000000000,01101100010000001111,01101100010000001111,00000000000000000000,-11.0,5.27,0.4782608695652174,-0.22913043478260867,-0.0,-11.0,0.4782608695652174,11.0,0.0,-0.0,0.0,Random-parameter search on original Hamiltonian; keep the best parameter vector found so far.,-15.0,0.6521739130434783,8,default_noise
random_search,3,40,00000000000000000000,10010011101110011100,10010011101110011100,00000000000000000000,-13.0,3.64,0.5652173913043478,-0.1582608695652174,-0.0,-13.0,0.5652173913043478,13.0,0.0,-0.0,0.0,Random-parameter search on original Hamiltonian; keep the best parameter vector found so far.,-15.0,0.6521739130434783,8,default_noise
random_search,4,50,00000000000000000000,10010011101110011100,10010011101110011100,00000000000000000000,-13.0,3.58,0.5652173913043478,-0.15565217391304348,-0.0,-13.0,0.5652173913043478,13.0,0.0,-0.0,0.0,Random-parameter search on original Hamiltonian; keep the best parameter vector found so far.,-15.0,0.6521739130434783,8,default_noise
random_search,5,60,00000000000000000000,10010011101110011100,10010011101110011100,00000000000000000000,-13.0,3.66,0.5652173913043478,-0.15913043478260872,-0.0,-13.0,0.5652173913043478,13.0,0.0,-0.0,0.0,Random-parameter search on original Hamiltonian; keep the best parameter vector found so far.,-15.0,0.6521739130434783,8,default_noise
ndar_no_opt,0,10,00000000000000000000,11000011100110010100,11000011100110010100,00000000000000000000,-9.0,8.23,0.391304347826087,-0.35782608695652174,-0.0,-9.0,0.391304347826087,9.0,0.0,-0.0,0.0,NDAR-style remap loop with fixed circuit parameters and no optimization.,-9.0,0.391304347826087,8,default_noise
ndar_no_opt,1,20,11000011100110010100,11011110111101010101,00011101011011000001,11000011100110010100,-11.0,2.38,0.4782608695652174,-0.10347826086956521,0.391304347826087,-11.0,0.4782608695652174,11.0,-9.0,0.391304347826087,9.0,NDAR-style remap loop with fixed circuit parameters and no optimization.,-11.0,0.4782608695652174,8,default_noise
ndar_no_opt,2,30,00011101011011000001,11011110111101010101,11000011100110010100,00011101011011000001,-9.0,3.75,0.391304347826087,-0.16304347826086957,0.4782608695652174,-9.0,0.391304347826087,9.0,-11.0,0.4782608695652174,11.0,NDAR-style remap loop with fixed circuit parameters and no optimization.,-11.0,0.4782608695652174,8,default_noise
ndar_no_opt,3,40,11000011100110010100,11011110111101010101,00011101011011000001,11000011100110010100,-11.0,2.47,0.4782608695652174,-0.1073913043478261,0.391304347826087,-11.0,0.4782608695652174,11.0,-9.0,0.391304347826087,9.0,NDAR-style remap loop with fixed circuit parameters and no optimization.,-11.0,0.4782608695652174,8,default_noise
ndar_no_opt,4,50,00011101011011000001,11011110111101010101,11000011100110010100,00011101011011000001,-9.0,3.74,0.391304347826087,-0.16260869565217392,0.4782608695652174,-9.0,0.391304347826087,9.0,-11.0,0.4782608695652174,11.0,NDAR-style remap loop with fixed circuit parameters and no optimization.,-11.0,0.4782608695652174,8,default_noise
ndar_no_opt,5,60,11000011100110010100,11011110111101010101,00011101011011000001,11000011100110010100,-11.0,2.34,0.4782608695652174,-0.1017391304347826,0.391304347826087,-11.0,0.4782608695652174,11.0,-9.0,0.391304347826087,9.0,NDAR-style remap loop with fixed circuit parameters and no optimization.,-11.0,0.4782608695652174,8,default_noise
plain_vqa,0,10,00000000000000000000,00110100111100100111,00110100111100100111,00000000000000000000,-25.0,-5.57,0.7142857142857143,0.15914285714285714,-0.0,-25.0,0.7142857142857143,25.0,0.0,-0.0,0.0,Budget-matched cumulative optimization on original Hamiltonian.,-25.0,0.7142857142857143,9,default_noise
plain_vqa,1,20,00000000000000000000,01111101110100000110,01111101110100000110,00000000000000000000,-21.0,-6.1,0.6,0.17428571428571427,-0.0,-21.0,0.6,21.0,0.0,-0.0,0.0,Budget-matched cumulative optimization on original Hamiltonian.,-25.0,0.7142857142857143,9,default_noise
plain_vqa,2,30,00000000000000000000,01111101110100000110,01111101110100000110,00000000000000000000,-21.0,-6.19,0.6,0.17685714285714288,-0.0,-21.0,0.6,21.0,0.0,-0.0,0.0,Budget-matched cumulative optimization on original Hamiltonian.,-25.0,0.7142857142857143,9,default_noise
plain_vqa,3,40,00000000000000000000,01101000100011011111,01101000100011011111,00000000000000000000,-21.0,-6.02,0.6,0.172,-0.0,-21.0,0.6,21.0,0.0,-0.0,0.0,Budget-matched cumulative optimization on original Hamiltonian.,-25.0,0.7142857142857143,9,default_noise
plain_vqa,4,50,00000000000000000000,01101000100011011111,01101000100011011111,00000000000000000000,-21.0,-6.15,0.6,0.1757142857142857,-0.0,-21.0,0.6,21.0,0.0,-0.0,0.0,Budget-matched cumulative optimization on original Hamiltonian.,-25.0,0.7142857142857143,9,default_noise
plain_vqa,5,60,00000000000000000000,10010111010010000010,10010111010010000010,00000000000000000000,-26.0,-9.05,0.7428571428571429,0.2585714285714286,-0.0,-26.0,0.7428571428571429,26.0,0.0,-0.0,0.0,Budget-matched cumulative optimization on original Hamiltonian.,-26.0,0.7428571428571429,9,default_noise
ndar_vqa,0,10,00000000000000000000,00011111111100100110,00011111111100100110,00000000000000000000,-28.0,-7.96,0.8,0.22742857142857142,-0.0,-28.0,0.8,28.0,0.0,-0.0,0.0,"NDAR outer step: optimize current transformed Hamiltonian, then remap using best sampled bitstring.",-28.0,0.8,9,default_noise
ndar_vqa,1,20,00011111111100100110,00001001110000100110,00010110001100000000,00011111111100100110,-25.0,-6.93,0.7142857142857143,0.19799999999999998,0.8,-25.0,0.7142857142857143,25.0,-28.0,0.8,28.0,"NDAR outer step: optimize current transformed Hamiltonian, then remap using best sampled bitstring.",-28.0,0.8,9,default_noise
ndar_vqa,2,30,00010110001100000000,01001001010000000010,01011111011100000010,00010110001100000000,-30.0,-8.74,0.8571428571428571,0.24971428571428572,0.7142857142857143,-30.0,0.8571428571428571,30.0,-25.0,0.7142857142857143,25.0,"NDAR outer step: optimize current transformed Hamiltonian, then remap using best sampled bitstring.",-30.0,0.8571428571428571,9,default_noise
ndar_vqa,3,40,01011111011100000010,00011000100001101110,01000111111101101100,01011111011100000010,-24.0,-7.35,0.6857142857142857,0.21,0.8571428571428571,-24.0,0.6857142857142857,24.0,-30.0,0.8571428571428571,30.0,"NDAR outer step: optimize current transformed Hamiltonian, then remap using best sampled bitstring.",-30.0,0.8571428571428571,9,default_noise
ndar_vqa,4,50,01000111111101101100,01011000110001101110,00011111001100000010,01000111111101101100,-26.0,-7.9,0.7428571428571429,0.22571428571428573,0.6857142857142857,-26.0,0.7428571428571429,26.0,-24.0,0.6857142857142857,24.0,"NDAR outer step: optimize current transformed Hamiltonian, then remap using best sampled bitstring.",-30.0,0.8571428571428571,9,default_noise
ndar_vqa,5,60,00011111001100000010,01000000010000000001,01011111011100000011,00011111001100000010,-23.0,-8.54,0.6571428571428571,0.24399999999999997,0.7428571428571429,-23.0,0.6571428571428571,23.0,-26.0,0.7428571428571429,26.0,"NDAR outer step: optimize current transformed Hamiltonian, then remap using best sampled bitstring.",-30.0,0.8571428571428571,9,default_noise
random_search,0,10,00000000000000000000,10100111010100010010,10100111010100010010,00000000000000000000,-25.0,-7.39,0.7142857142857143,0.21114285714285713,-0.0,-25.0,0.7142857142857143,25.0,0.0,-0.0,0.0,Random-parameter search on original Hamiltonian; keep the best parameter vector found so far.,-25.0,0.7142857142857143,9,default_noise
random_search,1,20,00000000000000000000,11011000101011011111,11011000101011011111,00000000000000000000,-23.0,-8.84,0.6571428571428571,0.25257142857142856,-0.0,-23.0,0.6571428571428571,23.0,0.0,-0.0,0.0,Random-parameter search on original Hamiltonian; keep the best parameter vector found so far.,-25.0,0.7142857142857143,9,default_noise
random_search,2,30,00000000000000000000,11011000101011011111,11011000101011011111,00000000000000000000,-23.0,-8.75,0.6571428571428571,0.25,-0.0,-23.0,0.6571428571428571,23.0,0.0,-0.0,0.0,Random-parameter search on original Hamiltonian; keep the best parameter vector found so far.,-25.0,0.7142857142857143,9,default_noise
random_search,3,40,00000000000000000000,00110100110101100101,00110100110101100101,00000000000000000000,-24.0,-8.41,0.6857142857142857,0.2402857142857143,-0.0,-24.0,0.6857142857142857,24.0,0.0,-0.0,0.0,Random-parameter search on original Hamiltonian; keep the best parameter vector found so far.,-25.0,0.7142857142857143,9,default_noise
random_search,4,50,00000000000000000000,00110100110101100101,00110100110101100101,00000000000000000000,-24.0,-8.37,0.6857142857142857,0.23914285714285713,-0.0,-24.0,0.6857142857142857,24.0,0.0,-0.0,0.0,Random-parameter search on original Hamiltonian; keep the best parameter vector found so far.,-25.0,0.7142857142857143,9,default_noise
random_search,5,60,00000000000000000000,00110100110101100101,00110100110101100101,00000000000000000000,-24.0,-8.43,0.6857142857142857,0.24085714285714285,-0.0,-24.0,0.6857142857142857,24.0,0.0,-0.0,0.0,Random-parameter search on original Hamiltonian; keep the best parameter vector found so far.,-25.0,0.7142857142857143,9,default_noise
ndar_no_opt,0,10,00000000000000000000,01011110111110000111,01011110111110000111,00000000000000000000,-17.0,-3.96,0.4857142857142857,0.11314285714285714,-0.0,-17.0,0.4857142857142857,17.0,0.0,-0.0,0.0,NDAR-style remap loop with fixed circuit parameters and no optimization.,-17.0,0.4857142857142857,9,default_noise
ndar_no_opt,1,20,01011110111110000111,01001000010010011101,00010110101100011010,01011110111110000111,-25.0,-7.33,0.7142857142857143,0.20942857142857144,0.4857142857142857,-25.0,0.7142857142857143,25.0,-17.0,0.4857142857142857,17.0,NDAR-style remap loop with fixed circuit parameters and no optimization.,-25.0,0.7142857142857143,9,default_noise
ndar_no_opt,2,30,00010110101100011010,01101010010000110111,01111100111100101101,00010110101100011010,-19.0,-4.85,0.5428571428571428,0.13857142857142857,0.7142857142857143,-19.0,0.5428571428571428,19.0,-25.0,0.7142857142857143,25.0,NDAR-style remap loop with fixed circuit parameters and no optimization.,-25.0,0.7142857142857143,9,default_noise
ndar_no_opt,3,40,01111100111100101101,01101010010000110111,00010110101100011010,01111100111100101101,-25.0,-4.91,0.7142857142857143,0.1402857142857143,0.5428571428571428,-25.0,0.7142857142857143,25.0,-19.0,0.5428571428571428,19.0,NDAR-style remap loop with fixed circuit parameters and no optimization.,-25.0,0.7142857142857143,9,default_noise
ndar_no_opt,4,50,00010110101100011010,01101010010000110111,01111100111100101101,00010110101100011010,-19.0,-4.84,0.5428571428571428,0.1382857142857143,0.7142857142857143,-19.0,0.5428571428571428,19.0,-25.0,0.7142857142857143,25.0,NDAR-style remap loop with fixed circuit parameters and no optimization.,-25.0,0.7142857142857143,9,default_noise
ndar_no_opt,5,60,01111100111100101101,01101010010000110111,00010110101100011010,01111100111100101101,-25.0,-5.12,0.7142857142857143,0.1462857142857143,0.5428571428571428,-25.0,0.7142857142857143,25.0,-19.0,0.5428571428571428,19.0,NDAR-style remap loop with fixed circuit parameters and no optimization.,-25.0,0.7142857142857143,9,default_noise
plain_vqa,0,10,00000000000000000000,01100011010101110111,01100011010101110111,00000000000000000000,-6.0,6.4,0.3,-0.32,-0.0,-6.0,0.3,6.0,0.0,-0.0,0.0,Budget-matched cumulative optimization on original Hamiltonian.,-6.0,0.3,0,noiseless
plain_vqa,1,20,00000000000000000000,01000011010010111011,01000011010010111011,00000000000000000000,-10.0,5.18,0.5,-0.259,-0.0,-10.0,0.5,10.0,0.0,-0.0,0.0,Budget-matched cumulative optimization on original Hamiltonian.,-10.0,0.5,0,noiseless
plain_vqa,2,30,00000000000000000000,01100101011001110111,01100101011001110111,00000000000000000000,-10.0,5.57,0.5,-0.2785,-0.0,-10.0,0.5,10.0,0.0,-0.0,0.0,Budget-matched cumulative optimization on original Hamiltonian.,-10.0,0.5,0,noiseless
plain_vqa,3,40,00000000000000000000,01100101010101100111,01100101010101100111,00000000000000000000,-9.0,5.2,0.45,-0.26,-0.0,-9.0,0.45,9.0,0.0,-0.0,0.0,Budget-matched cumulative optimization on original Hamiltonian.,-10.0,0.5,0,noiseless
plain_vqa,4,50,00000000000000000000,10011111001010000111,10011111001010000111,00000000000000000000,-7.0,5.78,0.35,-0.28900000000000003,-0.0,-7.0,0.35,7.0,0.0,-0.0,0.0,Budget-matched cumulative optimization on original Hamiltonian.,-10.0,0.5,0,noiseless
plain_vqa,5,60,00000000000000000000,01111101001101101111,01111101001101101111,00000000000000000000,-10.0,5.61,0.5,-0.2805,-0.0,-10.0,0.5,10.0,0.0,-0.0,0.0,Budget-matched cumulative optimization on original Hamiltonian.,-10.0,0.5,0,noiseless
ndar_vqa,0,10,00000000000000000000,10010111000010110111,10010111000010110111,00000000000000000000,-9.0,7.21,0.45,-0.3605,-0.0,-9.0,0.45,9.0,0.0,-0.0,0.0,"NDAR outer step: optimize current transformed Hamiltonian, then remap using best sampled bitstring.",-9.0,0.45,0,noiseless
ndar_vqa,1,20,10010111000010110111,10010101000000101111,00000010000010011000,10010111000010110111,-14.0,4.98,0.7,-0.24900000000000003,0.45,-14.0,0.7,14.0,-9.0,0.45,9.0,"NDAR outer step: optimize current transformed Hamiltonian, then remap using best sampled bitstring.",-14.0,0.7,0,noiseless
ndar_vqa,2,30,00000010000010011000,11010111110000001111,11010101110010010111,00000010000010011000,-12.0,3.55,0.6,-0.1775,0.7,-12.0,0.6,12.0,-14.0,0.7,14.0,"NDAR outer step: optimize current transformed Hamiltonian, then remap using best sampled bitstring.",-14.0,0.7,0,noiseless
ndar_vqa,3,40,11010101110010010111,00000101010000010011,11010000100010000100,11010101110010010111,-14.0,3.35,0.7,-0.1675,0.6,-14.0,0.7,14.0,-12.0,0.6,12.0,"NDAR outer step: optimize current transformed Hamiltonian, then remap using best sampled bitstring.",-14.0,0.7,0,noiseless
ndar_vqa,4,50,11010000100010000100,01000101010000010110,10010101110010010010,11010000100010000100,-9.0,4.64,0.45,-0.23199999999999998,0.7,-9.0,0.45,9.0,-14.0,0.7,14.0,"NDAR outer step: optimize current transformed Hamiltonian, then remap using best sampled bitstring.",-14.0,0.7,0,noiseless
ndar_vqa,5,60,10010101110010010010,11010101010100010010,01000000100110000000,10010101110010010010,-16.0,2.42,0.8,-0.121,0.45,-16.0,0.8,16.0,-9.0,0.45,9.0,"NDAR outer step: optimize current transformed Hamiltonian, then remap using best sampled bitstring.",-16.0,0.8,0,noiseless
random_search,0,10,00000000000000000000,10101100011010111110,10101100011010111110,00000000000000000000,-10.0,5.0,0.5,-0.25,-0.0,-10.0,0.5,10.0,0.0,-0.0,0.0,Random-parameter search on original Hamiltonian; keep the best parameter vector found so far.,-10.0,0.5,0,noiseless
random_search,1,20,00000000000000000000,11000000100111111010,11000000100111111010,00000000000000000000,-10.0,6.39,0.5,-0.3195,-0.0,-10.0,0.5,10.0,0.0,-0.0,0.0,Random-parameter search on original Hamiltonian; keep the best parameter vector found so far.,-10.0,0.5,0,noiseless
random_search,2,30,00000000000000000000,10100101011110110111,10100101011110110111,00000000000000000000,-9.0,5.75,0.45,-0.2875,-0.0,-9.0,0.45,9.0,0.0,-0.0,0.0,Random-parameter search on original Hamiltonian; keep the best parameter vector found so far.,-10.0,0.5,0,noiseless
random_search,3,40,00000000000000000000,11100101010010110110,11100101010010110110,00000000000000000000,-11.0,4.68,0.55,-0.23399999999999999,-0.0,-11.0,0.55,11.0,0.0,-0.0,0.0,Random-parameter search on original Hamiltonian; keep the best parameter vector found so far.,-11.0,0.55,0,noiseless
random_search,4,50,00000000000000000000,10100000110011110110,10100000110011110110,00000000000000000000,-10.0,5.9,0.5,-0.29500000000000004,-0.0,-10.0,0.5,10.0,0.0,-0.0,0.0,Random-parameter search on original Hamiltonian; keep the best parameter vector found so far.,-11.0,0.55,0,noiseless
random_search,5,60,00000000000000000000,11010111100010101110,11010111100010101110,00000000000000000000,-8.0,5.79,0.4,-0.2895,-0.0,-8.0,0.4,8.0,0.0,-0.0,0.0,Random-parameter search on original Hamiltonian; keep the best parameter vector found so far.,-11.0,0.55,0,noiseless
ndar_no_opt,0,10,00000000000000000000,10100001010111010110,10100001010111010110,00000000000000000000,-6.0,8.83,0.3,-0.4415,-0.0,-6.0,0.3,6.0,0.0,-0.0,0.0,NDAR-style remap loop with fixed circuit parameters and no optimization.,-6.0,0.3,0,noiseless
ndar_no_opt,1,20,10100001010111010110,10101010011001111110,00001011001110101000,10100001010111010110,-8.0,7.03,0.4,-0.35150000000000003,0.3,-8.0,0.4,8.0,-6.0,0.3,6.0,NDAR-style remap loop with fixed circuit parameters and no optimization.,-8.0,0.4,0,noiseless
ndar_no_opt,2,30,00001011001110101000,10010011001100110010,10011000000010011010,00001011001110101000,-9.0,4.86,0.45,-0.24300000000000002,0.4,-9.0,0.45,9.0,-8.0,0.4,8.0,NDAR-style remap loop with fixed circuit parameters and no optimization.,-9.0,0.45,0,noiseless
ndar_no_opt,3,40,10011000000010011010,11001001001101011111,01010001001111000101,10011000000010011010,-11.0,5.82,0.55,-0.29100000000000004,0.45,-11.0,0.55,11.0,-9.0,0.45,9.0,NDAR-style remap loop with fixed circuit parameters and no optimization.,-11.0,0.55,0,noiseless
ndar_no_opt,4,50,01010001001111000101,11111001000010000001,10101000001101000100,01010001001111000101,-9.0,6.39,0.45,-0.3195,0.55,-9.0,0.45,9.0,-11.0,0.55,11.0,NDAR-style remap loop with fixed circuit parameters and no optimization.,-11.0,0.55,0,noiseless
ndar_no_opt,5,60,10101000001101000100,10010111000000110011,00111111001101110111,10101000001101000100,-12.0,5.96,0.6,-0.298,0.45,-12.0,0.6,12.0,-9.0,0.45,9.0,NDAR-style remap loop with fixed circuit parameters and no optimization.,-12.0,0.6,0,noiseless
plain_vqa,0,10,00000000000000000000,10111111010101011010,10111111010101011010,00000000000000000000,-3.0,14.95,0.25,-1.2458333333333333,-0.0,-3.0,0.25,3.0,0.0,-0.0,0.0,Budget-matched cumulative optimization on original Hamiltonian.,-3.0,0.25,1,noiseless
plain_vqa,1,20,00000000000000000000,11000100101011111110,11000100101011111110,00000000000000000000,-2.0,14.65,0.16666666666666666,-1.2208333333333334,-0.0,-2.0,0.16666666666666666,2.0,0.0,-0.0,0.0,Budget-matched cumulative optimization on original Hamiltonian.,-3.0,0.25,1,noiseless
plain_vqa,2,30,00000000000000000000,11011000100011111011,11011000100011111011,00000000000000000000,0.0,14.7,-0.0,-1.2249999999999999,-0.0,0.0,-0.0,0.0,0.0,-0.0,0.0,Budget-matched cumulative optimization on original Hamiltonian.,-3.0,0.25,1,noiseless
plain_vqa,3,40,00000000000000000000,10111111100000010001,10111111100000010001,00000000000000000000,2.0,14.58,-0.16666666666666666,-1.215,-0.0,2.0,-0.16666666666666666,-2.0,0.0,-0.0,0.0,Budget-matched cumulative optimization on original Hamiltonian.,-3.0,0.25,1,noiseless
plain_vqa,4,50,00000000000000000000,11111110010001111110,11111110010001111110,00000000000000000000,-2.0,15.3,0.16666666666666666,-1.2750000000000001,-0.0,-2.0,0.16666666666666666,2.0,0.0,-0.0,0.0,Budget-matched cumulative optimization on original Hamiltonian.,-3.0,0.25,1,noiseless
plain_vqa,5,60,00000000000000000000,10011110001111101110,10011110001111101110,00000000000000000000,1.0,14.3,-0.08333333333333333,-1.1916666666666667,-0.0,1.0,-0.08333333333333333,-1.0,0.0,-0.0,0.0,Budget-matched cumulative optimization on original Hamiltonian.,-3.0,0.25,1,noiseless
ndar_vqa,0,10,00000000000000000000,11111111011101010110,11111111011101010110,00000000000000000000,-3.0,14.58,0.25,-1.215,-0.0,-3.0,0.25,3.0,0.0,-0.0,0.0,"NDAR outer step: optimize current transformed Hamiltonian, then remap using best sampled bitstring.",-3.0,0.25,1,noiseless
ndar_vqa,1,20,11111111011101010110,01100000100000000001,10011111111101010111,11111111011101010110,3.0,15.1,-0.25,-1.2583333333333333,0.25,3.0,-0.25,-3.0,-3.0,0.25,3.0,"NDAR outer step: optimize current transformed Hamiltonian, then remap using best sampled bitstring.",-3.0,0.25,1,noiseless
ndar_vqa,2,30,10011111111101010111,10110100001111001110,00101011110010011001,10011111111101010111,-4.0,16.42,0.3333333333333333,-1.3683333333333334,-0.25,-4.0,0.3333333333333333,4.0,3.0,-0.25,-3.0,"NDAR outer step: optimize current transformed Hamiltonian, then remap using best sampled bitstring.",-4.0,0.3333333333333333,1,noiseless
ndar_vqa,3,40,00101011110010011001,10010100100101100110,10111111010111111111,00101011110010011001,-3.0,15.64,0.25,-1.3033333333333335,0.3333333333333333,-3.0,0.25,3.0,-4.0,0.3333333333333333,4.0,"NDAR outer step: optimize current transformed Hamiltonian, then remap using best sampled bitstring.",-4.0,0.3333333333333333,1,noiseless
ndar_vqa,4,50,10111111010111111111,10111111111101110110,00000000101010001001,10111111010111111111,-7.0,14.95,0.5833333333333334,-1.2458333333333333,0.25,-7.0,0.5833333333333334,7.0,-3.0,0.25,3.0,"NDAR outer step: optimize current transformed Hamiltonian, then remap using best sampled bitstring.",-7.0,0.5833333333333334,1,noiseless
ndar_vqa,5,60,00000000101010001001,10111111111111001111,10111111010101000110,00000000101010001001,-8.0,14.17,0.6666666666666666,-1.1808333333333334,0.5833333333333334,-8.0,0.6666666666666666,8.0,-7.0,0.5833333333333334,7.0,"NDAR outer step: optimize current transformed Hamiltonian, then remap using best sampled bitstring.",-8.0,0.6666666666666666,1,noiseless
random_search,0,10,00000000000000000000,11011100101000100111,11011100101000100111,00000000000000000000,3.0,16.11,-0.25,-1.3425,-0.0,3.0,-0.25,-3.0,0.0,-0.0,0.0,Random-parameter search on original Hamiltonian; keep the best parameter vector found so far.,3.0,-0.25,1,noiseless
random_search,1,20,00000000000000000000,01100010100010011000,01100010100010011000,00000000000000000000,-5.0,14.04,0.4166666666666667,-1.17,-0.0,-5.0,0.4166666666666667,5.0,0.0,-0.0,0.0,Random-parameter search on original Hamiltonian; keep the best parameter vector found so far.,-5.0,0.4166666666666667,1,noiseless
random_search,2,30,00000000000000000000,11111111110101010011,11111111110101010011,00000000000000000000,1.0,16.8,-0.08333333333333333,-1.4000000000000001,-0.0,1.0,-0.08333333333333333,-1.0,0.0,-0.0,0.0,Random-parameter search on original Hamiltonian; keep the best parameter vector found so far.,-5.0,0.4166666666666667,1,noiseless
random_search,3,40,00000000000000000000,10111111011101110110,10111111011101110110,00000000000000000000,-5.0,14.44,0.4166666666666667,-1.2033333333333334,-0.0,-5.0,0.4166666666666667,5.0,0.0,-0.0,0.0,Random-parameter search on original Hamiltonian; keep the best parameter vector found so far.,-5.0,0.4166666666666667,1,noiseless
random_search,4,50,00000000000000000000,01111111110001111110,01111111110001111110,00000000000000000000,1.0,14.9,-0.08333333333333333,-1.2416666666666667,-0.0,1.0,-0.08333333333333333,-1.0,0.0,-0.0,0.0,Random-parameter search on original Hamiltonian; keep the best parameter vector found so far.,-5.0,0.4166666666666667,1,noiseless
random_search,5,60,00000000000000000000,00111111011101000010,00111111011101000010,00000000000000000000,-3.0,15.33,0.25,-1.2775,-0.0,-3.0,0.25,3.0,0.0,-0.0,0.0,Random-parameter search on original Hamiltonian; keep the best parameter vector found so far.,-5.0,0.4166666666666667,1,noiseless
ndar_no_opt,0,10,00000000000000000000,00010100011111100111,00010100011111100111,00000000000000000000,-1.0,15.49,0.08333333333333333,-1.2908333333333333,-0.0,-1.0,0.08333333333333333,1.0,0.0,-0.0,0.0,NDAR-style remap loop with fixed circuit parameters and no optimization.,-1.0,0.08333333333333333,1,noiseless
ndar_no_opt,1,20,00010100011111100111,11110100101101011010,11100000110010111101,00010100011111100111,1.0,17.26,-0.08333333333333333,-1.4383333333333335,0.08333333333333333,1.0,-0.08333333333333333,-1.0,-1.0,0.08333333333333333,1.0,NDAR-style remap loop with fixed circuit parameters and no optimization.,-1.0,0.08333333333333333,1,noiseless
ndar_no_opt,2,30,11100000110010111101,11111111101111111010,00011111011101000111,11100000110010111101,-2.0,16.27,0.16666666666666666,-1.3558333333333332,-0.08333333333333333,-2.0,0.16666666666666666,2.0,1.0,-0.08333333333333333,-1.0,NDAR-style remap loop with fixed circuit parameters and no optimization.,-2.0,0.16666666666666666,1,noiseless
ndar_no_opt,3,40,00011111011101000111,11000100101011100110,11011011110110100001,00011111011101000111,0.0,16.68,-0.0,-1.39,0.16666666666666666,0.0,-0.0,0.0,-2.0,0.16666666666666666,2.0,NDAR-style remap loop with fixed circuit parameters and no optimization.,-2.0,0.16666666666666666,1,noiseless
ndar_no_opt,4,50,11011011110110100001,10100101100011110101,01111110010101010100,11011011110110100001,1.0,17.52,-0.08333333333333333,-1.46,-0.0,1.0,-0.08333333333333333,-1.0,0.0,-0.0,0.0,NDAR-style remap loop with fixed circuit parameters and no optimization.,-2.0,0.16666666666666666,1,noiseless
ndar_no_opt,5,60,01111110010101010100,10100100110100101010,11011010100001111110,01111110010101010100,0.0,16.09,-0.0,-1.3408333333333333,-0.08333333333333333,0.0,-0.0,0.0,1.0,-0.08333333333333333,-1.0,NDAR-style remap loop with fixed circuit parameters and no optimization.,-2.0,0.16666666666666666,1,noiseless
plain_vqa,0,10,00000000000000000000,01001101101101110000,01001101101101110000,00000000000000000000,-26.0,-9.53,0.6666666666666666,0.24435897435897433,-0.0,-26.0,0.6666666666666666,26.0,0.0,-0.0,0.0,Budget-matched cumulative optimization on original Hamiltonian.,-26.0,0.6666666666666666,2,noiseless
plain_vqa,1,20,00000000000000000000,01001001100110110111,01001001100110110111,00000000000000000000,-25.0,-8.14,0.6410256410256411,0.20871794871794874,-0.0,-25.0,0.6410256410256411,25.0,0.0,-0.0,0.0,Budget-matched cumulative optimization on original Hamiltonian.,-26.0,0.6666666666666666,2,noiseless
plain_vqa,2,30,00000000000000000000,01001100101101110011,01001100101101110011,00000000000000000000,-25.0,-7.86,0.6410256410256411,0.20153846153846156,-0.0,-25.0,0.6410256410256411,25.0,0.0,-0.0,0.0,Budget-matched cumulative optimization on original Hamiltonian.,-26.0,0.6666666666666666,2,noiseless
plain_vqa,3,40,00000000000000000000,01001000110100110011,01001000110100110011,00000000000000000000,-23.0,-7.59,0.5897435897435898,0.1946153846153846,-0.0,-23.0,0.5897435897435898,23.0,0.0,-0.0,0.0,Budget-matched cumulative optimization on original Hamiltonian.,-26.0,0.6666666666666666,2,noiseless
plain_vqa,4,50,00000000000000000000,11011111101001101100,11011111101001101100,00000000000000000000,-21.0,-9.37,0.5384615384615384,0.24025641025641023,-0.0,-21.0,0.5384615384615384,21.0,0.0,-0.0,0.0,Budget-matched cumulative optimization on original Hamiltonian.,-26.0,0.6666666666666666,2,noiseless
plain_vqa,5,60,00000000000000000000,01001011101101101011,01001011101101101011,00000000000000000000,-30.0,-8.12,0.7692307692307693,0.20820512820512818,-0.0,-30.0,0.7692307692307693,30.0,0.0,-0.0,0.0,Budget-matched cumulative optimization on original Hamiltonian.,-30.0,0.7692307692307693,2,noiseless
ndar_vqa,0,10,00000000000000000000,00110110101110011100,00110110101110011100,00000000000000000000,-25.0,-8.43,0.6410256410256411,0.21615384615384614,-0.0,-25.0,0.6410256410256411,25.0,0.0,-0.0,0.0,"NDAR outer step: optimize current transformed Hamiltonian, then remap using best sampled bitstring.",-25.0,0.6410256410256411,2,noiseless
ndar_vqa,1,20,00110110101110011100,00000110110011010111,00110000011101001011,00110110101110011100,-19.0,-6.13,0.48717948717948717,0.15717948717948718,0.6410256410256411,-19.0,0.48717948717948717,19.0,-25.0,0.6410256410256411,25.0,"NDAR outer step: optimize current transformed Hamiltonian, then remap using best sampled bitstring.",-25.0,0.6410256410256411,2,noiseless
ndar_vqa,2,30,00110000011101001011,01000110000100000111,01110110011001001100,00110000011101001011,-28.0,-9.06,0.717948717948718,0.23230769230769233,0.48717948717948717,-28.0,0.717948717948718,28.0,-19.0,0.48717948717948717,19.0,"NDAR outer step: optimize current transformed Hamiltonian, then remap using best sampled bitstring.",-28.0,0.717948717948718,2,noiseless
ndar_vqa,3,40,01110110011001001100,01000000100010000110,00110110111011001010,01110110011001001100,-19.0,-3.86,0.48717948717948717,0.09897435897435897,0.717948717948718,-19.0,0.48717948717948717,19.0,-28.0,0.717948717948718,28.0,"NDAR outer step: optimize current transformed Hamiltonian, then remap using best sampled bitstring.",-28.0,0.717948717948718,2,noiseless
ndar_vqa,4,50,00110110111011001010,00011011010100111011,00101101101111110001,00110110111011001010,-24.0,-6.96,0.6153846153846154,0.17846153846153845,0.48717948717948717,-24.0,0.6153846153846154,24.0,-19.0,0.48717948717948717,19.0,"NDAR outer step: optimize current transformed Hamiltonian, then remap using best sampled bitstring.",-28.0,0.717948717948718,2,noiseless
ndar_vqa,5,60,00101101101111110001,11100101011001100000,11001000110110010001,00101101101111110001,-27.0,-7.07,0.6923076923076923,0.1812820512820513,0.6153846153846154,-27.0,0.6923076923076923,27.0,-24.0,0.6153846153846154,24.0,"NDAR outer step: optimize current transformed Hamiltonian, then remap using best sampled bitstring.",-28.0,0.717948717948718,2,noiseless
random_search,0,10,00000000000000000000,10101000100110000001,10101000100110000001,00000000000000000000,-23.0,-4.37,0.5897435897435898,0.11205128205128205,-0.0,-23.0,0.5897435897435898,23.0,0.0,-0.0,0.0,Random-parameter search on original Hamiltonian; keep the best parameter vector found so far.,-23.0,0.5897435897435898,2,noiseless
random_search,1,20,00000000000000000000,00010011110110101111,00010011110110101111,00000000000000000000,-22.0,-7.26,0.5641025641025641,0.18615384615384614,-0.0,-22.0,0.5641025641025641,22.0,0.0,-0.0,0.0,Random-parameter search on original Hamiltonian; keep the best parameter vector found so far.,-23.0,0.5897435897435898,2,noiseless
random_search,2,30,00000000000000000000,00010011100111011111,00010011100111011111,00000000000000000000,-22.0,-7.16,0.5641025641025641,0.1835897435897436,-0.0,-22.0,0.5641025641025641,22.0,0.0,-0.0,0.0,Random-parameter search on original Hamiltonian; keep the best parameter vector found so far.,-23.0,0.5897435897435898,2,noiseless
random_search,3,40,00000000000000000000,11100101011000010110,11100101011000010110,00000000000000000000,-24.0,-9.3,0.6153846153846154,0.23846153846153847,-0.0,-24.0,0.6153846153846154,24.0,0.0,-0.0,0.0,Random-parameter search on original Hamiltonian; keep the best parameter vector found so far.,-24.0,0.6153846153846154,2,noiseless
random_search,4,50,00000000000000000000,01001001111101100010,01001001111101100010,00000000000000000000,-24.0,-7.0,0.6153846153846154,0.1794871794871795,-0.0,-24.0,0.6153846153846154,24.0,0.0,-0.0,0.0,Random-parameter search on original Hamiltonian; keep the best parameter vector found so far.,-24.0,0.6153846153846154,2,noiseless
random_search,5,60,00000000000000000000,11001001010100100010,11001001010100100010,00000000000000000000,-24.0,-8.88,0.6153846153846154,0.22769230769230772,-0.0,-24.0,0.6153846153846154,24.0,0.0,-0.0,0.0,Random-parameter search on original Hamiltonian; keep the best parameter vector found so far.,-24.0,0.6153846153846154,2,noiseless
ndar_no_opt,0,10,00000000000000000000,01001011101111110100,01001011101111110100,00000000000000000000,-24.0,-6.56,0.6153846153846154,0.1682051282051282,-0.0,-24.0,0.6153846153846154,24.0,0.0,-0.0,0.0,NDAR-style remap loop with fixed circuit parameters and no optimization.,-24.0,0.6153846153846154,2,noiseless
ndar_no_opt,1,20,01001011101111110100,01001001110001111011,00000010011110001111,01001011101111110100,-19.0,-6.63,0.48717948717948717,0.16999999999999998,0.6153846153846154,-19.0,0.48717948717948717,19.0,-24.0,0.6153846153846154,24.0,NDAR-style remap loop with fixed circuit parameters and no optimization.,-24.0,0.6153846153846154,2,noiseless
ndar_no_opt,2,30,00000010011110001111,01001011110011111100,01001001101101110011,00000010011110001111,-31.0,-8.88,0.7948717948717948,0.22769230769230772,0.48717948717948717,-31.0,0.7948717948717948,31.0,-19.0,0.48717948717948717,19.0,NDAR-style remap loop with fixed circuit parameters and no optimization.,-31.0,0.7948717948717948,2,noiseless
ndar_no_opt,3,40,01001001101101110011,01011011110010111100,00010010011111001111,01001001101101110011,-23.0,-5.27,0.5897435897435898,0.13512820512820511,0.7948717948717948,-23.0,0.5897435897435898,23.0,-31.0,0.7948717948717948,31.0,NDAR-style remap loop with fixed circuit parameters and no optimization.,-31.0,0.7948717948717948,2,noiseless
ndar_no_opt,4,50,00010010011111001111,00011011110010101100,00001001101101100011,00010010011111001111,-25.0,-7.31,0.6410256410256411,0.18743589743589742,0.5897435897435898,-25.0,0.6410256410256411,25.0,-23.0,0.5897435897435898,23.0,NDAR-style remap loop with fixed circuit parameters and no optimization.,-31.0,0.7948717948717948,2,noiseless
ndar_no_opt,5,60,00001001101101100011,00101001110001111100,00100000011100011111,00001001101101100011,-21.0,-5.29,0.5384615384615384,0.13564102564102565,0.6410256410256411,-21.0,0.5384615384615384,21.0,-25.0,0.6410256410256411,25.0,NDAR-style remap loop with fixed circuit parameters and no optimization.,-31.0,0.7948717948717948,2,noiseless
plain_vqa,0,10,00000000000000000000,11011100101011000100,11011100101011000100,00000000000000000000,-32.0,-8.65,0.7619047619047619,0.20595238095238097,-0.0,-32.0,0.7619047619047619,32.0,0.0,-0.0,0.0,Budget-matched cumulative optimization on original Hamiltonian.,-32.0,0.7619047619047619,3,noiseless
plain_vqa,1,20,00000000000000000000,11010110101010001011,11010110101010001011,00000000000000000000,-25.0,-9.73,0.5952380952380952,0.2316666666666667,-0.0,-25.0,0.5952380952380952,25.0,0.0,-0.0,0.0,Budget-matched cumulative optimization on original Hamiltonian.,-32.0,0.7619047619047619,3,noiseless
plain_vqa,2,30,00000000000000000000,11010110101011001011,11010110101011001011,00000000000000000000,-32.0,-10.49,0.7619047619047619,0.24976190476190477,-0.0,-32.0,0.7619047619047619,32.0,0.0,-0.0,0.0,Budget-matched cumulative optimization on original Hamiltonian.,-32.0,0.7619047619047619,3,noiseless
plain_vqa,3,40,00000000000000000000,11011100101001001100,11011100101001001100,00000000000000000000,-32.0,-11.83,0.7619047619047619,0.2816666666666667,-0.0,-32.0,0.7619047619047619,32.0,0.0,-0.0,0.0,Budget-matched cumulative optimization on original Hamiltonian.,-32.0,0.7619047619047619,3,noiseless
plain_vqa,4,50,00000000000000000000,11010110101001001011,11010110101001001011,00000000000000000000,-33.0,-13.04,0.7857142857142857,0.31047619047619046,-0.0,-33.0,0.7857142857142857,33.0,0.0,-0.0,0.0,Budget-matched cumulative optimization on original Hamiltonian.,-33.0,0.7857142857142857,3,noiseless
plain_vqa,5,60,00000000000000000000,11010110101011001011,11010110101011001011,00000000000000000000,-32.0,-12.67,0.7619047619047619,0.30166666666666664,-0.0,-32.0,0.7619047619047619,32.0,0.0,-0.0,0.0,Budget-matched cumulative optimization on original Hamiltonian.,-33.0,0.7857142857142857,3,noiseless
ndar_vqa,0,10,00000000000000000000,11010000101001000001,11010000101001000001,00000000000000000000,-31.0,-8.92,0.7380952380952381,0.2123809523809524,-0.0,-31.0,0.7380952380952381,31.0,0.0,-0.0,0.0,"NDAR outer step: optimize current transformed Hamiltonian, then remap using best sampled bitstring.",-31.0,0.7380952380952381,3,noiseless
ndar_vqa,1,20,11010000101001000001,01100101011011110100,10110101110010110101,11010000101001000001,-24.0,-8.67,0.5714285714285714,0.20642857142857143,0.7380952380952381,-24.0,0.5714285714285714,24.0,-31.0,0.7380952380952381,31.0,"NDAR outer step: optimize current transformed Hamiltonian, then remap using best sampled bitstring.",-31.0,0.7380952380952381,3,noiseless
ndar_vqa,2,30,10110101110010110101,00001001011001110100,10111100101011000001,10110101110010110101,-28.0,-9.02,0.6666666666666666,0.21476190476190476,0.5714285714285714,-28.0,0.6666666666666666,28.0,-24.0,0.5714285714285714,24.0,"NDAR outer step: optimize current transformed Hamiltonian, then remap using best sampled bitstring.",-31.0,0.7380952380952381,3,noiseless
ndar_vqa,3,40,10111100101011000001,10010111011110011011,00101011110101011010,10111100101011000001,-23.0,-8.5,0.5476190476190477,0.20238095238095238,0.6666666666666666,-23.0,0.5476190476190477,23.0,-28.0,0.6666666666666666,28.0,"NDAR outer step: optimize current transformed Hamiltonian, then remap using best sampled bitstring.",-31.0,0.7380952380952381,3,noiseless
ndar_vqa,4,50,00101011110101011010,00110111011100010000,00011100101001001010,00101011110101011010,-28.0,-8.53,0.6666666666666666,0.20309523809523808,0.5476190476190477,-28.0,0.6666666666666666,28.0,-23.0,0.5476190476190477,23.0,"NDAR outer step: optimize current transformed Hamiltonian, then remap using best sampled bitstring.",-31.0,0.7380952380952381,3,noiseless
ndar_vqa,5,60,00011100101001001010,00110010001010100000,00101110100011101010,00011100101001001010,-32.0,-9.94,0.7619047619047619,0.23666666666666666,0.6666666666666666,-32.0,0.7619047619047619,32.0,-28.0,0.6666666666666666,28.0,"NDAR outer step: optimize current transformed Hamiltonian, then remap using best sampled bitstring.",-32.0,0.7619047619047619,3,noiseless
random_search,0,10,00000000000000000000,10010110101001101011,10010110101001101011,00000000000000000000,-29.0,-10.1,0.6904761904761905,0.24047619047619045,-0.0,-29.0,0.6904761904761905,29.0,0.0,-0.0,0.0,Random-parameter search on original Hamiltonian; keep the best parameter vector found so far.,-29.0,0.6904761904761905,3,noiseless
random_search,1,20,00000000000000000000,00110100101011101000,00110100101011101000,00000000000000000000,-31.0,-11.3,0.7380952380952381,0.2690476190476191,-0.0,-31.0,0.7380952380952381,31.0,0.0,-0.0,0.0,Random-parameter search on original Hamiltonian; keep the best parameter vector found so far.,-31.0,0.7380952380952381,3,noiseless
random_search,2,30,00000000000000000000,00110110101011101000,00110110101011101000,00000000000000000000,-32.0,-9.2,0.7619047619047619,0.21904761904761902,-0.0,-32.0,0.7619047619047619,32.0,0.0,-0.0,0.0,Random-parameter search on original Hamiltonian; keep the best parameter vector found so far.,-32.0,0.7619047619047619,3,noiseless
random_search,3,40,00000000000000000000,00101101101011001000,00101101101011001000,00000000000000000000,-29.0,-11.14,0.6904761904761905,0.2652380952380953,-0.0,-29.0,0.6904761904761905,29.0,0.0,-0.0,0.0,Random-parameter search on original Hamiltonian; keep the best parameter vector found so far.,-32.0,0.7619047619047619,3,noiseless
random_search,4,50,00000000000000000000,00001110111001001010,00001110111001001010,00000000000000000000,-31.0,-11.06,0.7380952380952381,0.26333333333333336,-0.0,-31.0,0.7380952380952381,31.0,0.0,-0.0,0.0,Random-parameter search on original Hamiltonian; keep the best parameter vector found so far.,-32.0,0.7619047619047619,3,noiseless
random_search,5,60,00000000000000000000,00111100101011100000,00111100101011100000,00000000000000000000,-31.0,-9.45,0.7380952380952381,0.22499999999999998,-0.0,-31.0,0.7380952380952381,31.0,0.0,-0.0,0.0,Random-parameter search on original Hamiltonian; keep the best parameter vector found so far.,-32.0,0.7619047619047619,3,noiseless
ndar_no_opt,0,10,00000000000000000000,11010100101011001101,11010100101011001101,00000000000000000000,-25.0,-7.32,0.5952380952380952,0.1742857142857143,-0.0,-25.0,0.5952380952380952,25.0,0.0,-0.0,0.0,NDAR-style remap loop with fixed circuit parameters and no optimization.,-25.0,0.5952380952380952,3,noiseless
ndar_no_opt,1,20,11010100101011001101,11011000110111010011,00001100011100011110,11010100101011001101,-23.0,-8.08,0.5476190476190477,0.19238095238095237,0.5952380952380952,-23.0,0.5476190476190477,23.0,-25.0,0.5952380952380952,25.0,NDAR-style remap loop with fixed circuit parameters and no optimization.,-25.0,0.5952380952380952,3,noiseless
ndar_no_opt,2,30,00001100011100011110,01001111001110100001,01000011010010111111,00001100011100011110,-29.0,-8.94,0.6904761904761905,0.21285714285714286,0.5476190476190477,-29.0,0.6904761904761905,29.0,-23.0,0.5476190476190477,23.0,NDAR-style remap loop with fixed circuit parameters and no optimization.,-29.0,0.6904761904761905,3,noiseless
ndar_no_opt,3,40,01000011010010111111,11011000000111001000,10011011010101110111,01000011010010111111,-27.0,-7.47,0.6428571428571429,0.17785714285714285,0.6904761904761905,-27.0,0.6428571428571429,27.0,-29.0,0.6904761904761905,29.0,NDAR-style remap loop with fixed circuit parameters and no optimization.,-29.0,0.6904761904761905,3,noiseless
ndar_no_opt,4,50,10011011010101110111,00011001001000100100,10000010011101010011,10011011010101110111,-23.0,-7.43,0.5476190476190477,0.1769047619047619,0.6428571428571429,-23.0,0.5476190476190477,23.0,-27.0,0.6428571428571429,27.0,NDAR-style remap loop with fixed circuit parameters and no optimization.,-29.0,0.6904761904761905,3,noiseless
ndar_no_opt,5,60,10000010011101010011,01110010110010010011,11110000101111000000,10000010011101010011,-27.0,-8.25,0.6428571428571429,0.19642857142857142,0.5476190476190477,-27.0,0.6428571428571429,27.0,-23.0,0.5476190476190477,23.0,NDAR-style remap loop with fixed circuit parameters and no optimization.,-29.0,0.6904761904761905,3,noiseless
plain_vqa,0,10,00000000000000000000,11010000100101000011,11010000100101000011,00000000000000000000,-16.0,-0.43,0.5517241379310345,0.014827586206896552,-0.0,-16.0,0.5517241379310345,16.0,0.0,-0.0,0.0,Budget-matched cumulative optimization on original Hamiltonian.,-16.0,0.5517241379310345,4,noiseless
plain_vqa,1,20,00000000000000000000,11010111101111000001,11010111101111000001,00000000000000000000,-22.0,-1.86,0.7586206896551724,0.06413793103448276,-0.0,-22.0,0.7586206896551724,22.0,0.0,-0.0,0.0,Budget-matched cumulative optimization on original Hamiltonian.,-22.0,0.7586206896551724,4,noiseless
plain_vqa,2,30,00000000000000000000,11011101010100000011,11011101010100000011,00000000000000000000,-18.0,-2.23,0.6206896551724138,0.07689655172413792,-0.0,-18.0,0.6206896551724138,18.0,0.0,-0.0,0.0,Budget-matched cumulative optimization on original Hamiltonian.,-22.0,0.7586206896551724,4,noiseless
plain_vqa,3,40,00000000000000000000,11010111101111010011,11010111101111010011,00000000000000000000,-18.0,-2.04,0.6206896551724138,0.0703448275862069,-0.0,-18.0,0.6206896551724138,18.0,0.0,-0.0,0.0,Budget-matched cumulative optimization on original Hamiltonian.,-22.0,0.7586206896551724,4,noiseless
plain_vqa,4,50,00000000000000000000,11011101101111000011,11011101101111000011,00000000000000000000,-23.0,-4.74,0.7931034482758621,0.16344827586206898,-0.0,-23.0,0.7931034482758621,23.0,0.0,-0.0,0.0,Budget-matched cumulative optimization on original Hamiltonian.,-23.0,0.7931034482758621,4,noiseless
plain_vqa,5,60,00000000000000000000,11011001001111000011,11011001001111000011,00000000000000000000,-21.0,-4.17,0.7241379310344828,0.14379310344827587,-0.0,-21.0,0.7241379310344828,21.0,0.0,-0.0,0.0,Budget-matched cumulative optimization on original Hamiltonian.,-23.0,0.7931034482758621,4,noiseless
ndar_vqa,0,10,00000000000000000000,11000110101111010000,11000110101111010000,00000000000000000000,-12.0,0.67,0.41379310344827586,-0.02310344827586207,-0.0,-12.0,0.41379310344827586,12.0,0.0,-0.0,0.0,"NDAR outer step: optimize current transformed Hamiltonian, then remap using best sampled bitstring.",-12.0,0.41379310344827586,4,noiseless
ndar_vqa,1,20,11000110101111010000,01001001011111010000,10001111110000000000,11000110101111010000,-15.0,-0.97,0.5172413793103449,0.033448275862068964,0.41379310344827586,-15.0,0.5172413793103449,15.0,-12.0,0.41379310344827586,12.0,"NDAR outer step: optimize current transformed Hamiltonian, then remap using best sampled bitstring.",-15.0,0.5172413793103449,4,noiseless
ndar_vqa,2,30,10001111110000000000,01001000110011000011,11000111000011000011,10001111110000000000,-13.0,0.25,0.4482758620689655,-0.008620689655172414,0.5172413793103449,-13.0,0.4482758620689655,13.0,-15.0,0.5172413793103449,15.0,"NDAR outer step: optimize current transformed Hamiltonian, then remap using best sampled bitstring.",-15.0,0.5172413793103449,4,noiseless
ndar_vqa,3,40,11000111000011000011,10001001110010011011,01001110110001011000,11000111000011000011,-17.0,-1.37,0.5862068965517241,0.04724137931034483,0.4482758620689655,-17.0,0.5862068965517241,17.0,-13.0,0.4482758620689655,13.0,"NDAR outer step: optimize current transformed Hamiltonian, then remap using best sampled bitstring.",-17.0,0.5862068965517241,4,noiseless
ndar_vqa,4,50,01001110110001011000,10001110011110111111,11000000101111100111,01001110110001011000,-17.0,0.31,0.5862068965517241,-0.010689655172413793,0.5862068965517241,-17.0,0.5862068965517241,17.0,-17.0,0.5862068965517241,17.0,"NDAR outer step: optimize current transformed Hamiltonian, then remap using best sampled bitstring.",-17.0,0.5862068965517241,4,noiseless
ndar_vqa,5,60,11000000101111100111,00110011100100010000,11110011001011110111,11000000101111100111,-18.0,-1.01,0.6206896551724138,0.03482758620689655,0.5862068965517241,-18.0,0.6206896551724138,18.0,-17.0,0.5862068965517241,17.0,"NDAR outer step: optimize current transformed Hamiltonian, then remap using best sampled bitstring.",-18.0,0.6206896551724138,4,noiseless
random_search,0,10,00000000000000000000,01000111100011010101,01000111100011010101,00000000000000000000,-22.0,-0.86,0.7586206896551724,0.029655172413793104,-0.0,-22.0,0.7586206896551724,22.0,0.0,-0.0,0.0,Random-parameter search on original Hamiltonian; keep the best parameter vector found so far.,-22.0,0.7586206896551724,4,noiseless
random_search,1,20,00000000000000000000,10001101111100001001,10001101111100001001,00000000000000000000,-16.0,-0.03,0.5517241379310345,0.0010344827586206897,-0.0,-16.0,0.5517241379310345,16.0,0.0,-0.0,0.0,Random-parameter search on original Hamiltonian; keep the best parameter vector found so far.,-22.0,0.7586206896551724,4,noiseless
random_search,2,30,00000000000000000000,00100100010000011000,00100100010000011000,00000000000000000000,-21.0,-2.17,0.7241379310344828,0.07482758620689654,-0.0,-21.0,0.7241379310344828,21.0,0.0,-0.0,0.0,Random-parameter search on original Hamiltonian; keep the best parameter vector found so far.,-22.0,0.7586206896551724,4,noiseless
random_search,3,40,00000000000000000000,00100011100010000101,00100011100010000101,00000000000000000000,-17.0,-1.54,0.5862068965517241,0.05310344827586207,-0.0,-17.0,0.5862068965517241,17.0,0.0,-0.0,0.0,Random-parameter search on original Hamiltonian; keep the best parameter vector found so far.,-22.0,0.7586206896551724,4,noiseless
random_search,4,50,00000000000000000000,11010111101011100111,11010111101011100111,00000000000000000000,-18.0,-3.23,0.6206896551724138,0.11137931034482759,-0.0,-18.0,0.6206896551724138,18.0,0.0,-0.0,0.0,Random-parameter search on original Hamiltonian; keep the best parameter vector found so far.,-22.0,0.7586206896551724,4,noiseless
random_search,5,60,00000000000000000000,11010111101011111001,11010111101011111001,00000000000000000000,-18.0,-2.79,0.6206896551724138,0.09620689655172414,-0.0,-18.0,0.6206896551724138,18.0,0.0,-0.0,0.0,Random-parameter search on original Hamiltonian; keep the best parameter vector found so far.,-22.0,0.7586206896551724,4,noiseless
ndar_no_opt,0,10,00000000000000000000,11000110001101010011,11000110001101010011,00000000000000000000,-14.0,1.38,0.4827586206896552,-0.04758620689655172,-0.0,-14.0,0.4827586206896552,14.0,0.0,-0.0,0.0,NDAR-style remap loop with fixed circuit parameters and no optimization.,-14.0,0.4827586206896552,4,noiseless
ndar_no_opt,1,20,11000110001101010011,00010001000101010100,11010111001000000111,11000110001101010011,-14.0,0.71,0.4827586206896552,-0.024482758620689653,0.4827586206896552,-14.0,0.4827586206896552,14.0,-14.0,0.4827586206896552,14.0,NDAR-style remap loop with fixed circuit parameters and no optimization.,-14.0,0.4827586206896552,4,noiseless
ndar_no_opt,2,30,11010111001000000111,00001011000111000100,11011100001111000011,11010111001000000111,-21.0,-2.08,0.7241379310344828,0.07172413793103448,0.4827586206896552,-21.0,0.7241379310344828,21.0,-14.0,0.4827586206896552,14.0,NDAR-style remap loop with fixed circuit parameters and no optimization.,-21.0,0.7241379310344828,4,noiseless
ndar_no_opt,3,40,11011100001111000011,11001111010101110101,00010011011010110110,11011100001111000011,-18.0,-1.11,0.6206896551724138,0.03827586206896552,0.7241379310344828,-18.0,0.6206896551724138,18.0,-21.0,0.7241379310344828,21.0,NDAR-style remap loop with fixed circuit parameters and no optimization.,-21.0,0.7241379310344828,4,noiseless
ndar_no_opt,4,50,00010011011010110110,11001110000110110001,11011101011100000111,00010011011010110110,-22.0,-1.98,0.7586206896551724,0.06827586206896552,0.6206896551724138,-22.0,0.7586206896551724,22.0,-18.0,0.6206896551724138,18.0,NDAR-style remap loop with fixed circuit parameters and no optimization.,-22.0,0.7586206896551724,4,noiseless
ndar_no_opt,5,60,11011101011100000111,01000101001000110001,10011000010100110110,11011101011100000111,-21.0,-1.23,0.7241379310344828,0.042413793103448276,0.7586206896551724,-21.0,0.7241379310344828,21.0,-22.0,0.7586206896551724,22.0,NDAR-style remap loop with fixed circuit parameters and no optimization.,-22.0,0.7586206896551724,4,noiseless
plain_vqa,0,10,00000000000000000000,10101111111100111111,10101111111100111111,00000000000000000000,-6.0,12.78,0.4,-0.852,-0.0,-6.0,0.4,6.0,0.0,-0.0,0.0,Budget-matched cumulative optimization on original Hamiltonian.,-6.0,0.4,5,noiseless
plain_vqa,1,20,00000000000000000000,10010010100010111111,10010010100010111111,00000000000000000000,-7.0,11.41,0.4666666666666667,-0.7606666666666667,-0.0,-7.0,0.4666666666666667,7.0,0.0,-0.0,0.0,Budget-matched cumulative optimization on original Hamiltonian.,-7.0,0.4666666666666667,5,noiseless
plain_vqa,2,30,00000000000000000000,10010010100000110100,10010010100000110100,00000000000000000000,-5.0,12.21,0.3333333333333333,-0.8140000000000001,-0.0,-5.0,0.3333333333333333,5.0,0.0,-0.0,0.0,Budget-matched cumulative optimization on original Hamiltonian.,-7.0,0.4666666666666667,5,noiseless
plain_vqa,3,40,00000000000000000000,11010010100011010110,11010010100011010110,00000000000000000000,-8.0,8.42,0.5333333333333333,-0.5613333333333334,-0.0,-8.0,0.5333333333333333,8.0,0.0,-0.0,0.0,Budget-matched cumulative optimization on original Hamiltonian.,-8.0,0.5333333333333333,5,noiseless
plain_vqa,4,50,00000000000000000000,11010000100010110100,11010000100010110100,00000000000000000000,-8.0,9.29,0.5333333333333333,-0.6193333333333333,-0.0,-8.0,0.5333333333333333,8.0,0.0,-0.0,0.0,Budget-matched cumulative optimization on original Hamiltonian.,-8.0,0.5333333333333333,5,noiseless
plain_vqa,5,60,00000000000000000000,10010000110011000100,10010000110011000100,00000000000000000000,-9.0,8.94,0.6,-0.596,-0.0,-9.0,0.6,9.0,0.0,-0.0,0.0,Budget-matched cumulative optimization on original Hamiltonian.,-9.0,0.6,5,noiseless
ndar_vqa,0,10,00000000000000000000,11101111001100011111,11101111001100011111,00000000000000000000,-6.0,12.79,0.4,-0.8526666666666666,-0.0,-6.0,0.4,6.0,0.0,-0.0,0.0,"NDAR outer step: optimize current transformed Hamiltonian, then remap using best sampled bitstring.",-6.0,0.4,5,noiseless
ndar_vqa,1,20,11101111001100011111,10100010110000000100,01001101111100011011,11101111001100011111,-2.0,13.95,0.13333333333333333,-0.9299999999999999,0.4,-2.0,0.13333333333333333,2.0,-6.0,0.4,6.0,"NDAR outer step: optimize current transformed Hamiltonian, then remap using best sampled bitstring.",-6.0,0.4,5,noiseless
ndar_vqa,2,30,01001101111100011011,10111110100011000100,11110011011111011111,01001101111100011011,-6.0,11.98,0.4,-0.7986666666666667,0.13333333333333333,-6.0,0.4,6.0,-2.0,0.13333333333333333,2.0,"NDAR outer step: optimize current transformed Hamiltonian, then remap using best sampled bitstring.",-6.0,0.4,5,noiseless
ndar_vqa,3,40,11110011011111011111,10110010000101000100,01000001011010011011,11110011011111011111,-1.0,12.87,0.06666666666666667,-0.858,0.4,-1.0,0.06666666666666667,1.0,-6.0,0.4,6.0,"NDAR outer step: optimize current transformed Hamiltonian, then remap using best sampled bitstring.",-6.0,0.4,5,noiseless
ndar_vqa,4,50,01000001011010011011,01101110000110000100,00101111011100011111,01000001011010011011,-7.0,11.18,0.4666666666666667,-0.7453333333333333,0.06666666666666667,-7.0,0.4666666666666667,7.0,-1.0,0.06666666666666667,1.0,"NDAR outer step: optimize current transformed Hamiltonian, then remap using best sampled bitstring.",-7.0,0.4666666666666667,5,noiseless
ndar_vqa,5,60,00101111011100011111,00111000100110001000,00010111111010010111,00101111011100011111,-2.0,12.01,0.13333333333333333,-0.8006666666666666,0.4666666666666667,-2.0,0.13333333333333333,2.0,-7.0,0.4666666666666667,7.0,"NDAR outer step: optimize current transformed Hamiltonian, then remap using best sampled bitstring.",-7.0,0.4666666666666667,5,noiseless
random_search,0,10,00000000000000000000,10010000100100111101,10010000100100111101,00000000000000000000,-3.0,12.75,0.2,-0.85,-0.0,-3.0,0.2,3.0,0.0,-0.0,0.0,Random-parameter search on original Hamiltonian; keep the best parameter vector found so far.,-3.0,0.2,5,noiseless
random_search,1,20,00000000000000000000,01101100001101100001,01101100001101100001,00000000000000000000,-7.0,12.18,0.4666666666666667,-0.8119999999999999,-0.0,-7.0,0.4666666666666667,7.0,0.0,-0.0,0.0,Random-parameter search on original Hamiltonian; keep the best parameter vector found so far.,-7.0,0.4666666666666667,5,noiseless
random_search,2,30,00000000000000000000,11010100101011011101,11010100101011011101,00000000000000000000,0.0,12.35,-0.0,-0.8233333333333334,-0.0,0.0,-0.0,0.0,0.0,-0.0,0.0,Random-parameter search on original Hamiltonian; keep the best parameter vector found so far.,-7.0,0.4666666666666667,5,noiseless
random_search,3,40,00000000000000000000,10000001110000100111,10000001110000100111,00000000000000000000,-6.0,11.9,0.4,-0.7933333333333333,-0.0,-6.0,0.4,6.0,0.0,-0.0,0.0,Random-parameter search on original Hamiltonian; keep the best parameter vector found so far.,-7.0,0.4666666666666667,5,noiseless
random_search,4,50,00000000000000000000,01000000111011011110,01000000111011011110,00000000000000000000,0.0,13.24,-0.0,-0.8826666666666667,-0.0,0.0,-0.0,0.0,0.0,-0.0,0.0,Random-parameter search on original Hamiltonian; keep the best parameter vector found so far.,-7.0,0.4666666666666667,5,noiseless
random_search,5,60,00000000000000000000,10000001110100100001,10000001110100100001,00000000000000000000,-3.0,12.52,0.2,-0.8346666666666667,-0.0,-3.0,0.2,3.0,0.0,-0.0,0.0,Random-parameter search on original Hamiltonian; keep the best parameter vector found so far.,-7.0,0.4666666666666667,5,noiseless
ndar_no_opt,0,10,00000000000000000000,01100000000011000000,01100000000011000000,00000000000000000000,0.0,15.06,-0.0,-1.004,-0.0,0.0,-0.0,0.0,0.0,-0.0,0.0,NDAR-style remap loop with fixed circuit parameters and no optimization.,0.0,-0.0,5,noiseless
ndar_no_opt,1,20,01100000000011000000,01100000110001000000,00000000110010000000,01100000000011000000,-3.0,12.77,0.2,-0.8513333333333333,-0.0,-3.0,0.2,3.0,0.0,-0.0,0.0,NDAR-style remap loop with fixed circuit parameters and no optimization.,-3.0,0.2,5,noiseless
ndar_no_opt,2,30,00000000110010000000,10101111101111111011,10101111011101111011,00000000110010000000,-5.0,15.1,0.3333333333333333,-1.0066666666666666,0.2,-5.0,0.3333333333333333,5.0,-3.0,0.2,3.0,NDAR-style remap loop with fixed circuit parameters and no optimization.,-5.0,0.3333333333333333,5,noiseless
ndar_no_opt,3,40,10101111011101111011,10101111101111001010,00000000110010110001,10101111011101111011,-4.0,11.92,0.26666666666666666,-0.7946666666666666,0.3333333333333333,-4.0,0.26666666666666666,4.0,-5.0,0.3333333333333333,5.0,NDAR-style remap loop with fixed circuit parameters and no optimization.,-5.0,0.3333333333333333,5,noiseless
ndar_no_opt,4,50,00000000110010110001,10110010110101110101,10110010000111000100,00000000110010110001,-4.0,14.77,0.26666666666666666,-0.9846666666666667,0.26666666666666666,-4.0,0.26666666666666666,4.0,-4.0,0.26666666666666666,4.0,NDAR-style remap loop with fixed circuit parameters and no optimization.,-5.0,0.3333333333333333,5,noiseless
ndar_no_opt,5,60,10110010000111000100,01100000000000011000,11010010000111011100,10110010000111000100,-4.0,14.84,0.26666666666666666,-0.9893333333333333,0.26666666666666666,-4.0,0.26666666666666666,4.0,-4.0,0.26666666666666666,4.0,NDAR-style remap loop with fixed circuit parameters and no optimization.,-5.0,0.3333333333333333,5,noiseless
plain_vqa,0,10,00000000000000000000,01001111100111101011,01001111100111101011,00000000000000000000,-21.0,-6.01,0.525,0.15025,-0.0,-21.0,0.525,21.0,0.0,-0.0,0.0,Budget-matched cumulative optimization on original Hamiltonian.,-21.0,0.525,6,noiseless
plain_vqa,1,20,00000000000000000000,10100001111010000100,10100001111010000100,00000000000000000000,-26.0,-6.93,0.65,0.17325,-0.0,-26.0,0.65,26.0,0.0,-0.0,0.0,Budget-matched cumulative optimization on original Hamiltonian.,-26.0,0.65,6,noiseless
plain_vqa,2,30,00000000000000000000,01110001111001011110,01110001111001011110,00000000000000000000,-24.0,-8.03,0.6,0.20074999999999998,-0.0,-24.0,0.6,24.0,0.0,-0.0,0.0,Budget-matched cumulative optimization on original Hamiltonian.,-26.0,0.65,6,noiseless
plain_vqa,3,40,00000000000000000000,01100001111001010000,01100001111001010000,00000000000000000000,-26.0,-7.54,0.65,0.1885,-0.0,-26.0,0.65,26.0,0.0,-0.0,0.0,Budget-matched cumulative optimization on original Hamiltonian.,-26.0,0.65,6,noiseless
plain_vqa,4,50,00000000000000000000,01100001111010011100,01100001111010011100,00000000000000000000,-28.0,-10.04,0.7,0.251,-0.0,-28.0,0.7,28.0,0.0,-0.0,0.0,Budget-matched cumulative optimization on original Hamiltonian.,-28.0,0.7,6,noiseless
plain_vqa,5,60,00000000000000000000,00100001111010010000,00100001111010010000,00000000000000000000,-33.0,-10.18,0.825,0.2545,-0.0,-33.0,0.825,33.0,0.0,-0.0,0.0,Budget-matched cumulative optimization on original Hamiltonian.,-33.0,0.825,6,noiseless
ndar_vqa,0,10,00000000000000000000,01101100011011000011,01101100011011000011,00000000000000000000,-18.0,-7.03,0.45,0.17575000000000002,-0.0,-18.0,0.45,18.0,0.0,-0.0,0.0,"NDAR outer step: optimize current transformed Hamiltonian, then remap using best sampled bitstring.",-18.0,0.45,6,noiseless
ndar_vqa,1,20,01101100011011000011,00100010011100010000,01001110000111010011,01101100011011000011,-24.0,-5.92,0.6,0.148,0.45,-24.0,0.6,24.0,-18.0,0.45,18.0,"NDAR outer step: optimize current transformed Hamiltonian, then remap using best sampled bitstring.",-24.0,0.6,6,noiseless
ndar_vqa,2,30,01001110000111010011,01001110111111100111,00000000111000110100,01001110000111010011,-28.0,-6.76,0.7,0.16899999999999998,0.6,-28.0,0.7,28.0,-24.0,0.6,24.0,"NDAR outer step: optimize current transformed Hamiltonian, then remap using best sampled bitstring.",-28.0,0.7,6,noiseless
ndar_vqa,3,40,00000000111000110100,11001110101010001000,11001110010010111100,00000000111000110100,-21.0,-5.53,0.525,0.13825,0.7,-21.0,0.525,21.0,-28.0,0.7,28.0,"NDAR outer step: optimize current transformed Hamiltonian, then remap using best sampled bitstring.",-28.0,0.7,6,noiseless
ndar_vqa,4,50,11001110010010111100,11001111101010001000,00000001111000110100,11001110010010111100,-35.0,-7.35,0.875,0.18375,0.525,-35.0,0.875,35.0,-21.0,0.525,21.0,"NDAR outer step: optimize current transformed Hamiltonian, then remap using best sampled bitstring.",-35.0,0.875,6,noiseless
ndar_vqa,5,60,00000001111000110100,10001101100110111111,10001100011110001011,00000001111000110100,-24.0,-7.96,0.6,0.199,0.875,-24.0,0.6,24.0,-35.0,0.875,35.0,"NDAR outer step: optimize current transformed Hamiltonian, then remap using best sampled bitstring.",-35.0,0.875,6,noiseless
random_search,0,10,00000000000000000000,11111010000101101110,11111010000101101110,00000000000000000000,-22.0,-7.66,0.55,0.1915,-0.0,-22.0,0.55,22.0,0.0,-0.0,0.0,Random-parameter search on original Hamiltonian; keep the best parameter vector found so far.,-22.0,0.55,6,noiseless
random_search,1,20,00000000000000000000,10101111000111001011,10101111000111001011,00000000000000000000,-26.0,-8.34,0.65,0.2085,-0.0,-26.0,0.65,26.0,0.0,-0.0,0.0,Random-parameter search on original Hamiltonian; keep the best parameter vector found so far.,-26.0,0.65,6,noiseless
random_search,2,30,00000000000000000000,10101111000101001011,10101111000101001011,00000000000000000000,-25.0,-10.33,0.625,0.25825,-0.0,-25.0,0.625,25.0,0.0,-0.0,0.0,Random-parameter search on original Hamiltonian; keep the best parameter vector found so far.,-26.0,0.65,6,noiseless
random_search,3,40,00000000000000000000,10110101000101001011,10110101000101001011,00000000000000000000,-26.0,-9.06,0.65,0.2265,-0.0,-26.0,0.65,26.0,0.0,-0.0,0.0,Random-parameter search on original Hamiltonian; keep the best parameter vector found so far.,-26.0,0.65,6,noiseless
random_search,4,50,00000000000000000000,10110101000110000011,10110101000110000011,00000000000000000000,-25.0,-9.51,0.625,0.23775,-0.0,-25.0,0.625,25.0,0.0,-0.0,0.0,Random-parameter search on original Hamiltonian; keep the best parameter vector found so far.,-26.0,0.65,6,noiseless
random_search,5,60,00000000000000000000,11111100000111100011,11111100000111100011,00000000000000000000,-28.0,-10.32,0.7,0.258,-0.0,-28.0,0.7,28.0,0.0,-0.0,0.0,Random-parameter search on original Hamiltonian; keep the best parameter vector found so far.,-28.0,0.7,6,noiseless
ndar_no_opt,0,10,00000000000000000000,01110110000111100011,01110110000111100011,00000000000000000000,-29.0,-6.58,0.725,0.1645,-0.0,-29.0,0.725,29.0,0.0,-0.0,0.0,NDAR-style remap loop with fixed circuit parameters and no optimization.,-29.0,0.725,6,noiseless
ndar_no_opt,1,20,01110110000111100011,01000111111100110011,00110001111011010000,01110110000111100011,-27.0,-4.59,0.675,0.11474999999999999,0.725,-27.0,0.675,27.0,-29.0,0.725,29.0,NDAR-style remap loop with fixed circuit parameters and no optimization.,-29.0,0.725,6,noiseless
ndar_no_opt,2,30,00110001111011010000,01010101111100110011,01100100000111100011,00110001111011010000,-23.0,-5.48,0.575,0.137,0.675,-23.0,0.575,23.0,-27.0,0.675,27.0,NDAR-style remap loop with fixed circuit parameters and no optimization.,-29.0,0.725,6,noiseless
ndar_no_opt,3,40,01100100000111100011,01000101111100100011,00100001111011000000,01100100000111100011,-23.0,-5.72,0.575,0.143,0.575,-23.0,0.575,23.0,-23.0,0.575,23.0,NDAR-style remap loop with fixed circuit parameters and no optimization.,-29.0,0.725,6,noiseless
ndar_no_opt,4,50,00100001111011000000,10011011111110101011,10111010000101101011,00100001111011000000,-29.0,-9.35,0.725,0.23374999999999999,0.575,-29.0,0.725,29.0,-23.0,0.575,23.0,NDAR-style remap loop with fixed circuit parameters and no optimization.,-29.0,0.725,6,noiseless
ndar_no_opt,5,60,10111010000101101011,01101000111100001111,11010010111001100100,10111010000101101011,-24.0,-6.78,0.6,0.1695,0.725,-24.0,0.6,24.0,-29.0,0.725,29.0,NDAR-style remap loop with fixed circuit parameters and no optimization.,-29.0,0.725,6,noiseless
plain_vqa,0,10,00000000000000000000,10101111100000001011,10101111100000001011,00000000000000000000,-30.0,-5.38,0.75,0.1345,-0.0,-30.0,0.75,30.0,0.0,-0.0,0.0,Budget-matched cumulative optimization on original Hamiltonian.,-30.0,0.75,7,noiseless
plain_vqa,1,20,00000000000000000000,11101111100000001101,11101111100000001101,00000000000000000000,-19.0,-4.86,0.475,0.12150000000000001,-0.0,-19.0,0.475,19.0,0.0,-0.0,0.0,Budget-matched cumulative optimization on original Hamiltonian.,-30.0,0.75,7,noiseless
plain_vqa,2,30,00000000000000000000,10011011100001001001,10011011100001001001,00000000000000000000,-27.0,-7.86,0.675,0.1965,-0.0,-27.0,0.675,27.0,0.0,-0.0,0.0,Budget-matched cumulative optimization on original Hamiltonian.,-30.0,0.75,7,noiseless
plain_vqa,3,40,00000000000000000000,11101011100000001001,11101011100000001001,00000000000000000000,-27.0,-9.02,0.675,0.22549999999999998,-0.0,-27.0,0.675,27.0,0.0,-0.0,0.0,Budget-matched cumulative optimization on original Hamiltonian.,-30.0,0.75,7,noiseless
plain_vqa,4,50,00000000000000000000,10001101101100001001,10001101101100001001,00000000000000000000,-29.0,-11.65,0.725,0.29125,-0.0,-29.0,0.725,29.0,0.0,-0.0,0.0,Budget-matched cumulative optimization on original Hamiltonian.,-30.0,0.75,7,noiseless
plain_vqa,5,60,00000000000000000000,10101110100000001001,10101110100000001001,00000000000000000000,-32.0,-11.74,0.8,0.2935,-0.0,-32.0,0.8,32.0,0.0,-0.0,0.0,Budget-matched cumulative optimization on original Hamiltonian.,-32.0,0.8,7,noiseless
ndar_vqa,0,10,00000000000000000000,01010010011101111100,01010010011101111100,00000000000000000000,-25.0,-5.89,0.625,0.14725,-0.0,-25.0,0.625,25.0,0.0,-0.0,0.0,"NDAR outer step: optimize current transformed Hamiltonian, then remap using best sampled bitstring.",-25.0,0.625,7,noiseless
ndar_vqa,1,20,01010010011101111100,11001111100000101001,10011101111101010101,01010010011101111100,-23.0,-6.09,0.575,0.15225,0.625,-23.0,0.575,23.0,-25.0,0.625,25.0,"NDAR outer step: optimize current transformed Hamiltonian, then remap using best sampled bitstring.",-25.0,0.625,7,noiseless
ndar_vqa,2,30,10011101111101010101,11001111101110101101,01010010010011111000,10011101111101010101,-29.0,-6.72,0.725,0.16799999999999998,0.575,-29.0,0.725,29.0,-23.0,0.575,23.0,"NDAR outer step: optimize current transformed Hamiltonian, then remap using best sampled bitstring.",-29.0,0.725,7,noiseless
ndar_vqa,3,40,01010010010011111000,11101111101110111011,10111101111101000011,01010010010011111000,-29.0,-6.91,0.725,0.17275000000000001,0.725,-29.0,0.725,29.0,-29.0,0.725,29.0,"NDAR outer step: optimize current transformed Hamiltonian, then remap using best sampled bitstring.",-29.0,0.725,7,noiseless
ndar_vqa,4,50,10111101111101000011,01001111101100011110,11110010010001011101,10111101111101000011,-25.0,-6.82,0.625,0.1705,0.725,-25.0,0.625,25.0,-29.0,0.725,29.0,"NDAR outer step: optimize current transformed Hamiltonian, then remap using best sampled bitstring.",-29.0,0.725,7,noiseless
ndar_vqa,5,60,11110010010001011101,01001101010000010100,10111111000001001001,11110010010001011101,-34.0,-6.15,0.85,0.15375,0.625,-34.0,0.85,34.0,-25.0,0.625,25.0,"NDAR outer step: optimize current transformed Hamiltonian, then remap using best sampled bitstring.",-34.0,0.85,7,noiseless
random_search,0,10,00000000000000000000,00101100101110000110,00101100101110000110,00000000000000000000,-25.0,-9.08,0.625,0.227,-0.0,-25.0,0.625,25.0,0.0,-0.0,0.0,Random-parameter search on original Hamiltonian; keep the best parameter vector found so far.,-25.0,0.625,7,noiseless
random_search,1,20,00000000000000000000,01001001001100100110,01001001001100100110,00000000000000000000,-24.0,-6.73,0.6,0.16825,-0.0,-24.0,0.6,24.0,0.0,-0.0,0.0,Random-parameter search on original Hamiltonian; keep the best parameter vector found so far.,-25.0,0.625,7,noiseless
random_search,2,30,00000000000000000000,11101101110000001001,11101101110000001001,00000000000000000000,-24.0,-7.1,0.6,0.1775,-0.0,-24.0,0.6,24.0,0.0,-0.0,0.0,Random-parameter search on original Hamiltonian; keep the best parameter vector found so far.,-25.0,0.625,7,noiseless
random_search,3,40,00000000000000000000,11110111010000011001,11110111010000011001,00000000000000000000,-25.0,-7.61,0.625,0.19025,-0.0,-25.0,0.625,25.0,0.0,-0.0,0.0,Random-parameter search on original Hamiltonian; keep the best parameter vector found so far.,-25.0,0.625,7,noiseless
random_search,4,50,00000000000000000000,10001101011101011001,10001101011101011001,00000000000000000000,-25.0,-7.95,0.625,0.19875,-0.0,-25.0,0.625,25.0,0.0,-0.0,0.0,Random-parameter search on original Hamiltonian; keep the best parameter vector found so far.,-25.0,0.625,7,noiseless
random_search,5,60,00000000000000000000,11110111100000011001,11110111100000011001,00000000000000000000,-25.0,-6.3,0.625,0.1575,-0.0,-25.0,0.625,25.0,0.0,-0.0,0.0,Random-parameter search on original Hamiltonian; keep the best parameter vector found so far.,-25.0,0.625,7,noiseless
ndar_no_opt,0,10,00000000000000000000,10001111000001001000,10001111000001001000,00000000000000000000,-23.0,-4.34,0.575,0.1085,-0.0,-23.0,0.575,23.0,0.0,-0.0,0.0,NDAR-style remap loop with fixed circuit parameters and no optimization.,-23.0,0.575,7,noiseless
ndar_no_opt,1,20,10001111000001001000,11111111111011111100,01110000111010110100,10001111000001001000,-22.0,-3.67,0.55,0.09175,0.575,-22.0,0.55,22.0,-23.0,0.575,23.0,NDAR-style remap loop with fixed circuit parameters and no optimization.,-23.0,0.575,7,noiseless
ndar_no_opt,2,30,01110000111010110100,11001100010100110100,10111100101110000000,01110000111010110100,-19.0,-4.46,0.475,0.1115,0.55,-19.0,0.475,19.0,-22.0,0.55,22.0,NDAR-style remap loop with fixed circuit parameters and no optimization.,-23.0,0.575,7,noiseless
ndar_no_opt,3,40,10111100101110000000,11110100110000111100,01001000011110111100,10111100101110000000,-28.0,-5.82,0.7,0.14550000000000002,0.475,-28.0,0.7,28.0,-19.0,0.475,19.0,NDAR-style remap loop with fixed circuit parameters and no optimization.,-28.0,0.7,7,noiseless
ndar_no_opt,4,50,01001000011110111100,11110011111111111001,10111011100001000101,01001000011110111100,-28.0,-8.2,0.7,0.205,0.7,-28.0,0.7,28.0,-28.0,0.7,28.0,NDAR-style remap loop with fixed circuit parameters and no optimization.,-28.0,0.7,7,noiseless
ndar_no_opt,5,60,10111011100001000101,11000011111011110011,01111000011010110110,10111011100001000101,-23.0,-7.1,0.575,0.1775,0.7,-23.0,0.575,23.0,-28.0,0.7,28.0,NDAR-style remap loop with fixed circuit parameters and no optimization.,-28.0,0.7,7,noiseless
plain_vqa,0,10,00000000000000000000,01101100110000100111,01101100110000100111,00000000000000000000,-12.0,3.87,0.5217391304347826,-0.1682608695652174,-0.0,-12.0,0.5217391304347826,12.0,0.0,-0.0,0.0,Budget-matched cumulative optimization on original Hamiltonian.,-12.0,0.5217391304347826,8,noiseless
plain_vqa,1,20,00000000000000000000,11101100110010100111,11101100110010100111,00000000000000000000,-10.0,3.46,0.43478260869565216,-0.15043478260869564,-0.0,-10.0,0.43478260869565216,10.0,0.0,-0.0,0.0,Budget-matched cumulative optimization on original Hamiltonian.,-12.0,0.5217391304347826,8,noiseless
plain_vqa,2,30,00000000000000000000,11010000101010010111,11010000101010010111,00000000000000000000,-8.0,5.02,0.34782608695652173,-0.21826086956521737,-0.0,-8.0,0.34782608695652173,8.0,0.0,-0.0,0.0,Budget-matched cumulative optimization on original Hamiltonian.,-12.0,0.5217391304347826,8,noiseless
plain_vqa,3,40,00000000000000000000,11101101010000000111,11101101010000000111,00000000000000000000,-12.0,3.03,0.5217391304347826,-0.1317391304347826,-0.0,-12.0,0.5217391304347826,12.0,0.0,-0.0,0.0,Budget-matched cumulative optimization on original Hamiltonian.,-12.0,0.5217391304347826,8,noiseless
plain_vqa,4,50,00000000000000000000,11101100110000100111,11101100110000100111,00000000000000000000,-11.0,3.86,0.4782608695652174,-0.16782608695652174,-0.0,-11.0,0.4782608695652174,11.0,0.0,-0.0,0.0,Budget-matched cumulative optimization on original Hamiltonian.,-12.0,0.5217391304347826,8,noiseless
plain_vqa,5,60,00000000000000000000,10101101011000100111,10101101011000100111,00000000000000000000,-11.0,4.15,0.4782608695652174,-0.18043478260869567,-0.0,-11.0,0.4782608695652174,11.0,0.0,-0.0,0.0,Budget-matched cumulative optimization on original Hamiltonian.,-12.0,0.5217391304347826,8,noiseless
ndar_vqa,0,10,00000000000000000000,00101101001000000000,00101101001000000000,00000000000000000000,-11.0,3.97,0.4782608695652174,-0.17260869565217393,-0.0,-11.0,0.4782608695652174,11.0,0.0,-0.0,0.0,"NDAR outer step: optimize current transformed Hamiltonian, then remap using best sampled bitstring.",-11.0,0.4782608695652174,8,noiseless
ndar_vqa,1,20,00101101001000000000,01100010011100111000,01001111010100111000,00101101001000000000,-10.0,6.04,0.43478260869565216,-0.26260869565217393,0.4782608695652174,-10.0,0.43478260869565216,10.0,-11.0,0.4782608695652174,11.0,"NDAR outer step: optimize current transformed Hamiltonian, then remap using best sampled bitstring.",-11.0,0.4782608695652174,8,noiseless
ndar_vqa,2,30,01001111010100111000,11100110111110010110,10101001101010101110,01001111010100111000,-9.0,5.55,0.391304347826087,-0.24130434782608695,0.43478260869565216,-9.0,0.391304347826087,9.0,-10.0,0.43478260869565216,10.0,"NDAR outer step: optimize current transformed Hamiltonian, then remap using best sampled bitstring.",-11.0,0.4782608695652174,8,noiseless
ndar_vqa,3,40,10101001101010101110,11111011111100010110,01010010010110111000,10101001101010101110,-9.0,5.67,0.391304347826087,-0.2465217391304348,0.391304347826087,-9.0,0.391304347826087,9.0,-9.0,0.391304347826087,9.0,"NDAR outer step: optimize current transformed Hamiltonian, then remap using best sampled bitstring.",-11.0,0.4782608695652174,8,noiseless
ndar_vqa,4,50,01010010010110111000,10100000110001100110,11110010100111011110,01010010010110111000,-19.0,0.75,0.8260869565217391,-0.03260869565217391,0.391304347826087,-19.0,0.8260869565217391,19.0,-9.0,0.391304347826087,9.0,"NDAR outer step: optimize current transformed Hamiltonian, then remap using best sampled bitstring.",-19.0,0.8260869565217391,8,noiseless
ndar_vqa,5,60,11110010100111011110,00100000011000100110,11010010111111111000,11110010100111011110,-11.0,0.98,0.4782608695652174,-0.042608695652173914,0.8260869565217391,-11.0,0.4782608695652174,11.0,-19.0,0.8260869565217391,19.0,"NDAR outer step: optimize current transformed Hamiltonian, then remap using best sampled bitstring.",-19.0,0.8260869565217391,8,noiseless
random_search,0,10,00000000000000000000,00010111011001100000,00010111011001100000,00000000000000000000,-10.0,5.47,0.43478260869565216,-0.23782608695652172,-0.0,-10.0,0.43478260869565216,10.0,0.0,-0.0,0.0,Random-parameter search on original Hamiltonian; keep the best parameter vector found so far.,-10.0,0.43478260869565216,8,noiseless
random_search,1,20,00000000000000000000,10110000101011111101,10110000101011111101,00000000000000000000,-10.0,6.37,0.43478260869565216,-0.27695652173913043,-0.0,-10.0,0.43478260869565216,10.0,0.0,-0.0,0.0,Random-parameter search on original Hamiltonian; keep the best parameter vector found so far.,-10.0,0.43478260869565216,8,noiseless
random_search,2,30,00000000000000000000,00010001011001100001,00010001011001100001,00000000000000000000,-11.0,5.49,0.4782608695652174,-0.23869565217391306,-0.0,-11.0,0.4782608695652174,11.0,0.0,-0.0,0.0,Random-parameter search on original Hamiltonian; keep the best parameter vector found so far.,-11.0,0.4782608695652174,8,noiseless
random_search,3,40,00000000000000000000,00010001101111111010,00010001101111111010,00000000000000000000,-15.0,5.47,0.6521739130434783,-0.23782608695652172,-0.0,-15.0,0.6521739130434783,15.0,0.0,-0.0,0.0,Random-parameter search on original Hamiltonian; keep the best parameter vector found so far.,-15.0,0.6521739130434783,8,noiseless
random_search,4,50,00000000000000000000,00010101011001111001,00010101011001111001,00000000000000000000,-8.0,7.45,0.34782608695652173,-0.3239130434782609,-0.0,-8.0,0.34782608695652173,8.0,0.0,-0.0,0.0,Random-parameter search on original Hamiltonian; keep the best parameter vector found so far.,-15.0,0.6521739130434783,8,noiseless
random_search,5,60,00000000000000000000,10110000111001101011,10110000111001101011,00000000000000000000,-9.0,6.97,0.391304347826087,-0.3030434782608696,-0.0,-9.0,0.391304347826087,9.0,0.0,-0.0,0.0,Random-parameter search on original Hamiltonian; keep the best parameter vector found so far.,-15.0,0.6521739130434783,8,noiseless
ndar_no_opt,0,10,00000000000000000000,00101100000001000001,00101100000001000001,00000000000000000000,-17.0,5.03,0.7391304347826086,-0.21869565217391304,-0.0,-17.0,0.7391304347826086,17.0,0.0,-0.0,0.0,NDAR-style remap loop with fixed circuit parameters and no optimization.,-17.0,0.7391304347826086,8,noiseless
ndar_no_opt,1,20,00101100000001000001,01010000011000100010,01111100011001100011,00101100000001000001,-11.0,6.5,0.4782608695652174,-0.2826086956521739,0.7391304347826086,-11.0,0.4782608695652174,11.0,-17.0,0.7391304347826086,17.0,NDAR-style remap loop with fixed circuit parameters and no optimization.,-17.0,0.7391304347826086,8,noiseless
ndar_no_opt,2,30,01111100011001100011,10101111101110011000,11010011110111111011,01111100011001100011,-11.0,5.95,0.4782608695652174,-0.25869565217391305,0.4782608695652174,-11.0,0.4782608695652174,11.0,-11.0,0.4782608695652174,11.0,NDAR-style remap loop with fixed circuit parameters and no optimization.,-17.0,0.7391304347826086,8,noiseless
ndar_no_opt,3,40,11010011110111111011,10111011010010000101,01101000100101111110,11010011110111111011,-7.0,8.4,0.30434782608695654,-0.3652173913043478,0.4782608695652174,-7.0,0.30434782608695654,7.0,-11.0,0.4782608695652174,11.0,NDAR-style remap loop with fixed circuit parameters and no optimization.,-17.0,0.7391304347826086,8,noiseless
ndar_no_opt,4,50,01101000100101111110,00010000111001010101,01111000011100101011,01101000100101111110,-7.0,7.33,0.30434782608695654,-0.31869565217391305,0.30434782608695654,-7.0,0.30434782608695654,7.0,-7.0,0.30434782608695654,7.0,NDAR-style remap loop with fixed circuit parameters and no optimization.,-17.0,0.7391304347826086,8,noiseless
ndar_no_opt,5,60,01111000011100101011,11100011100110010001,10011011111010111010,01111000011100101011,-9.0,5.9,0.391304347826087,-0.2565217391304348,0.30434782608695654,-9.0,0.391304347826087,9.0,-7.0,0.30434782608695654,7.0,NDAR-style remap loop with fixed circuit parameters and no optimization.,-17.0,0.7391304347826086,8,noiseless
plain_vqa,0,10,00000000000000000000,11001010010011010011,11001010010011010011,00000000000000000000,-22.0,-7.24,0.6285714285714286,0.20685714285714285,-0.0,-22.0,0.6285714285714286,22.0,0.0,-0.0,0.0,Budget-matched cumulative optimization on original Hamiltonian.,-22.0,0.6285714285714286,9,noiseless
plain_vqa,1,20,00000000000000000000,11101011010011010111,11101011010011010111,00000000000000000000,-21.0,-7.78,0.6,0.22228571428571428,-0.0,-21.0,0.6,21.0,0.0,-0.0,0.0,Budget-matched cumulative optimization on original Hamiltonian.,-22.0,0.6285714285714286,9,noiseless
plain_vqa,2,30,00000000000000000000,11101111010110100100,11101111010110100100,00000000000000000000,-24.0,-9.7,0.6857142857142857,0.27714285714285714,-0.0,-24.0,0.6857142857142857,24.0,0.0,-0.0,0.0,Budget-matched cumulative optimization on original Hamiltonian.,-24.0,0.6857142857142857,9,noiseless
plain_vqa,3,40,00000000000000000000,11101010010111100100,11101010010111100100,00000000000000000000,-23.0,-10.16,0.6571428571428571,0.2902857142857143,-0.0,-23.0,0.6571428571428571,23.0,0.0,-0.0,0.0,Budget-matched cumulative optimization on original Hamiltonian.,-24.0,0.6857142857142857,9,noiseless
plain_vqa,4,50,00000000000000000000,01100111110101100110,01100111110101100110,00000000000000000000,-24.0,-10.91,0.6857142857142857,0.3117142857142857,-0.0,-24.0,0.6857142857142857,24.0,0.0,-0.0,0.0,Budget-matched cumulative optimization on original Hamiltonian.,-24.0,0.6857142857142857,9,noiseless
plain_vqa,5,60,00000000000000000000,10110111010100000010,10110111010100000010,00000000000000000000,-27.0,-11.05,0.7714285714285715,0.3157142857142857,-0.0,-27.0,0.7714285714285715,27.0,0.0,-0.0,0.0,Budget-matched cumulative optimization on original Hamiltonian.,-27.0,0.7714285714285715,9,noiseless
ndar_vqa,0,10,00000000000000000000,11000111010111100110,11000111010111100110,00000000000000000000,-26.0,-7.01,0.7428571428571429,0.2002857142857143,-0.0,-26.0,0.7428571428571429,26.0,0.0,-0.0,0.0,"NDAR outer step: optimize current transformed Hamiltonian, then remap using best sampled bitstring.",-26.0,0.7428571428571429,9,noiseless
ndar_vqa,1,20,11000111010111100110,01110000101011000100,10110111111100100010,11000111010111100110,-28.0,-5.91,0.8,0.16885714285714287,0.7428571428571429,-28.0,0.8,28.0,-26.0,0.7428571428571429,26.0,"NDAR outer step: optimize current transformed Hamiltonian, then remap using best sampled bitstring.",-28.0,0.8,9,noiseless
ndar_vqa,2,30,10110111111100100010,10100001010110100011,00010110101010000001,10110111111100100010,-27.0,-7.48,0.7714285714285715,0.21371428571428572,0.8,-27.0,0.7714285714285715,27.0,-28.0,0.8,28.0,"NDAR outer step: optimize current transformed Hamiltonian, then remap using best sampled bitstring.",-28.0,0.8,9,noiseless
ndar_vqa,3,40,00010110101010000001,11110111001101101000,11100001100111101001,00010110101010000001,-23.0,-6.34,0.6571428571428571,0.18114285714285713,0.7714285714285715,-23.0,0.6571428571428571,23.0,-27.0,0.7714285714285715,27.0,"NDAR outer step: optimize current transformed Hamiltonian, then remap using best sampled bitstring.",-28.0,0.8,9,noiseless
ndar_vqa,4,50,11100001100111101001,11110110011011001111,00010111111100100110,11100001100111101001,-29.0,-9.19,0.8285714285714286,0.26257142857142857,0.6571428571428571,-29.0,0.8285714285714286,29.0,-23.0,0.6571428571428571,23.0,"NDAR outer step: optimize current transformed Hamiltonian, then remap using best sampled bitstring.",-29.0,0.8285714285714286,9,noiseless
ndar_vqa,5,60,00010111111100100110,11110110001011011011,11100001110111111101,00010111111100100110,-28.0,-8.73,0.8,0.24942857142857144,0.8285714285714286,-28.0,0.8,28.0,-29.0,0.8285714285714286,29.0,"NDAR outer step: optimize current transformed Hamiltonian, then remap using best sampled bitstring.",-29.0,0.8285714285714286,9,noiseless
random_search,0,10,00000000000000000000,11100111010111100010,11100111010111100010,00000000000000000000,-24.0,-7.12,0.6857142857142857,0.20342857142857143,-0.0,-24.0,0.6857142857142857,24.0,0.0,-0.0,0.0,Random-parameter search on original Hamiltonian; keep the best parameter vector found so far.,-24.0,0.6857142857142857,9,noiseless
random_search,1,20,00000000000000000000,00010111110100000010,00010111110100000010,00000000000000000000,-30.0,-8.36,0.8571428571428571,0.23885714285714285,-0.0,-30.0,0.8571428571428571,30.0,0.0,-0.0,0.0,Random-parameter search on original Hamiltonian; keep the best parameter vector found so far.,-30.0,0.8571428571428571,9,noiseless
random_search,2,30,00000000000000000000,11000011010111100010,11000011010111100010,00000000000000000000,-22.0,-7.22,0.6285714285714286,0.20628571428571427,-0.0,-22.0,0.6285714285714286,22.0,0.0,-0.0,0.0,Random-parameter search on original Hamiltonian; keep the best parameter vector found so far.,-30.0,0.8571428571428571,9,noiseless
random_search,3,40,00000000000000000000,11110000100011010101,11110000100011010101,00000000000000000000,-26.0,-8.22,0.7428571428571429,0.23485714285714288,-0.0,-26.0,0.7428571428571429,26.0,0.0,-0.0,0.0,Random-parameter search on original Hamiltonian; keep the best parameter vector found so far.,-30.0,0.8571428571428571,9,noiseless
random_search,4,50,00000000000000000000,11100000100011010101,11100000100011010101,00000000000000000000,-29.0,-7.92,0.8285714285714286,0.22628571428571428,-0.0,-29.0,0.8285714285714286,29.0,0.0,-0.0,0.0,Random-parameter search on original Hamiltonian; keep the best parameter vector found so far.,-30.0,0.8571428571428571,9,noiseless
random_search,5,60,00000000000000000000,10100000000011110101,10100000000011110101,00000000000000000000,-28.0,-8.14,0.8,0.2325714285714286,-0.0,-28.0,0.8,28.0,0.0,-0.0,0.0,Random-parameter search on original Hamiltonian; keep the best parameter vector found so far.,-30.0,0.8571428571428571,9,noiseless
ndar_no_opt,0,10,00000000000000000000,00110110011001010011,00110110011001010011,00000000000000000000,-16.0,-4.81,0.45714285714285713,0.13742857142857143,-0.0,-16.0,0.45714285714285713,16.0,0.0,-0.0,0.0,NDAR-style remap loop with fixed circuit parameters and no optimization.,-16.0,0.45714285714285713,9,noiseless
ndar_no_opt,1,20,00110110011001010011,10000110111010000000,10110000100011010011,00110110011001010011,-27.0,-6.05,0.7714285714285715,0.17285714285714285,0.45714285714285713,-27.0,0.7714285714285715,27.0,-16.0,0.45714285714285713,16.0,NDAR-style remap loop with fixed circuit parameters and no optimization.,-27.0,0.7714285714285715,9,noiseless
ndar_no_opt,2,30,10110000100011010011,11000111111101110111,01110111011110100100,10110000100011010011,-22.0,-4.89,0.6285714285714286,0.1397142857142857,0.7714285714285715,-22.0,0.6285714285714286,22.0,-27.0,0.7714285714285715,27.0,NDAR-style remap loop with fixed circuit parameters and no optimization.,-27.0,0.7714285714285715,9,noiseless
ndar_no_opt,3,40,01110111011110100100,11000111111101111011,10110000100011011111,01110111011110100100,-25.0,-4.01,0.7142857142857143,0.11457142857142856,0.6285714285714286,-25.0,0.7142857142857143,25.0,-22.0,0.6285714285714286,22.0,NDAR-style remap loop with fixed circuit parameters and no optimization.,-27.0,0.7714285714285715,9,noiseless
ndar_no_opt,4,50,10110000100011011111,11100111101101011111,01010111001110000000,10110000100011011111,-22.0,-6.07,0.6285714285714286,0.17342857142857143,0.7142857142857143,-22.0,0.6285714285714286,22.0,-25.0,0.7142857142857143,25.0,NDAR-style remap loop with fixed circuit parameters and no optimization.,-27.0,0.7714285714285715,9,noiseless
ndar_no_opt,5,60,01010111001110000000,11110111111101110111,10100000110011110111,01010111001110000000,-21.0,-5.43,0.6,0.15514285714285714,0.6285714285714286,-21.0,0.6,21.0,-22.0,0.6285714285714286,22.0,NDAR-style remap loop with fixed circuit parameters and no optimization.,-27.0,0.7714285714285715,9,noiseless
